# Created by meshio v5.3.5, 2025-12-12T13:36:57.307570
v 0.0 0.0 10.0
v 0.0 0.0 0.0
v 0.0 10.0 10.0
v 0.0 10.0 0.0
v 20.0 0.0 10.0
v 20.0 0.0 0.0
v 20.0 10.0 10.0
v 20.0 10.0 0.0
v 0.0 0.0 1.0
v 0.0 0.0 2.0
v 0.0 0.0 3.0
v 0.0 0.0 4.0
v 0.0 0.0 5.0
v 0.0 0.0 6.0
v 0.0 0.0 7.0
v 0.0 0.0 8.0
v 0.0 0.0 9.0
v 0.0 1.0 10.0
v 0.0 2.0 10.0
v 0.0 3.0 10.0
v 0.0 4.0 10.0
v 0.0 5.0 10.0
v 0.0 6.0 10.0
v 0.0 7.0 10.0
v 0.0 8.0 10.0
v 0.0 9.0 10.0
v 0.0 10.0 1.0
v 0.0 10.0 2.0
v 0.0 10.0 3.0
v 0.0 10.0 4.0
v 0.0 10.0 5.0
v 0.0 10.0 6.0
v 0.0 10.0 7.0
v 0.0 10.0 8.0
v 0.0 10.0 9.0
v 0.0 1.0 0.0
v 0.0 2.0 0.0
v 0.0 3.0 0.0
v 0.0 4.0 0.0
v 0.0 5.0 0.0
v 0.0 6.0 0.0
v 0.0 7.0 0.0
v 0.0 8.0 0.0
v 0.0 9.0 0.0
v 20.0 0.0 1.0
v 20.0 0.0 2.0
v 20.0 0.0 3.0
v 20.0 0.0 4.0
v 20.0 0.0 5.0
v 20.0 0.0 6.0
v 20.0 0.0 7.0
v 20.0 0.0 8.0
v 20.0 0.0 9.0
v 20.0 1.0 10.0
v 20.0 2.0 10.0
v 20.0 3.0 10.0
v 20.0 4.0 10.0
v 20.0 5.0 10.0
v 20.0 6.0 10.0
v 20.0 7.0 10.0
v 20.0 8.0 10.0
v 20.0 9.0 10.0
v 20.0 10.0 1.0
v 20.0 10.0 2.0
v 20.0 10.0 3.0
v 20.0 10.0 4.0
v 20.0 10.0 5.0
v 20.0 10.0 6.0
v 20.0 10.0 7.0
v 20.0 10.0 8.0
v 20.0 10.0 9.0
v 20.0 1.0 0.0
v 20.0 2.0 0.0
v 20.0 3.0 0.0
v 20.0 4.0 0.0
v 20.0 5.0 0.0
v 20.0 6.0 0.0
v 20.0 7.0 0.0
v 20.0 8.0 0.0
v 20.0 9.0 0.0
v 1.0 0.0 0.0
v 2.0 0.0 0.0
v 3.0 0.0 0.0
v 4.0 0.0 0.0
v 5.0 0.0 0.0
v 6.0 0.0 0.0
v 7.0 0.0 0.0
v 8.0 0.0 0.0
v 9.0 0.0 0.0
v 10.0 0.0 0.0
v 11.0 0.0 0.0
v 12.0 0.0 0.0
v 13.0 0.0 0.0
v 14.0 0.0 0.0
v 15.0 0.0 0.0
v 16.0 0.0 0.0
v 17.0 0.0 0.0
v 18.0 0.0 0.0
v 19.0 0.0 0.0
v 1.0 0.0 10.0
v 2.0 0.0 10.0
v 3.0 0.0 10.0
v 4.0 0.0 10.0
v 5.0 0.0 10.0
v 6.0 0.0 10.0
v 7.0 0.0 10.0
v 8.0 0.0 10.0
v 9.0 0.0 10.0
v 10.0 0.0 10.0
v 11.0 0.0 10.0
v 12.0 0.0 10.0
v 13.0 0.0 10.0
v 14.0 0.0 10.0
v 15.0 0.0 10.0
v 16.0 0.0 10.0
v 17.0 0.0 10.0
v 18.0 0.0 10.0
v 19.0 0.0 10.0
v 1.0 10.0 0.0
v 2.0 10.0 0.0
v 3.0 10.0 0.0
v 4.0 10.0 0.0
v 5.0 10.0 0.0
v 6.0 10.0 0.0
v 7.0 10.0 0.0
v 8.0 10.0 0.0
v 9.0 10.0 0.0
v 10.0 10.0 0.0
v 11.0 10.0 0.0
v 12.0 10.0 0.0
v 13.0 10.0 0.0
v 14.0 10.0 0.0
v 15.0 10.0 0.0
v 16.0 10.0 0.0
v 17.0 10.0 0.0
v 18.0 10.0 0.0
v 19.0 10.0 0.0
v 1.0 10.0 10.0
v 2.0 10.0 10.0
v 3.0 10.0 10.0
v 4.0 10.0 10.0
v 5.0 10.0 10.0
v 6.0 10.0 10.0
v 7.0 10.0 10.0
v 8.0 10.0 10.0
v 9.0 10.0 10.0
v 10.0 10.0 10.0
v 11.0 10.0 10.0
v 12.0 10.0 10.0
v 13.0 10.0 10.0
v 14.0 10.0 10.0
v 15.0 10.0 10.0
v 16.0 10.0 10.0
v 17.0 10.0 10.0
v 18.0 10.0 10.0
v 19.0 10.0 10.0
v 0.0 4.5 0.8660254037844386
v 0.0 0.8477828132215661 5.468402906283429
v 0.0 5.496648775751183 9.144751875044387
v 0.0 9.049999118818404 4.639102936910179
v 0.0 0.8660254037844386 3.5
v 0.0 6.5 0.8660254037844386
v 0.0 3.5 9.13397459621556
v 0.0 9.114200486593768 6.512758904849846
v 0.0 7.548552510315178 9.145153916580085
v 0.0 9.112749022350904 2.52041532837096
v 0.0 2.540211967676223 0.7959225689633992
v 0.0 0.8962961249554264 7.586725654706575
v 0.0 0.8294974041488186 1.505932316993227
v 0.0 1.504237369280876 9.153227954944166
v 0.0 9.124118462490358 8.373263475218657
v 0.0 8.445559454105704 0.9549528281023998
v 0.0 2.500706228213478 9.137183489336993
v 0.0 3.000117704702248 8.26848400795136
v 0.0 3.996668393201562 8.269973158573336
v 0.0 3.499464349650643 7.402350252257094
v 0.0 4.503914224774554 7.417394580996827
v 0.0 4.000563095737548 6.538547927522341
v 0.0 5.008656211966694 6.552045997866494
v 0.0 4.50153655128406 5.673005840355204
v 0.0 5.501698793875144 5.673086393124763
v 0.0 5.000539224193226 4.804905289180771
v 0.0 4.000000000000034 4.803847577293375
v 0.0 6.00037300301142 4.804559431282445
v 0.0 5.50015203786747 3.938117101155022
v 0.0 6.018296886888574 6.578550967939789
v 0.0 6.500087506813175 3.937989970448144
v 0.0 3.000004574231378 6.536411052573991
v 0.0 7.000076751637454 4.803994185781439
v 0.0 6.000039924113473 3.071873890488725
v 0.0 5.000000000000047 3.071796769724507
v 0.0 7.000021238487806 3.071837589341754
v 0.0 5.500000000000053 2.205771365940072
v 0.0 4.500000000000052 2.205771365940066
v 0.0 4.000000000000045 3.071796769724502
v 0.0 3.500000000000052 2.20577136594006
v 0.0 3.000000000000047 3.071796769724496
v 0.0 2.518932369432892 2.217101144819622
v 0.0 1.854021023078626 3.032388584007578
v 0.0 2.50000000000004 3.937822173508931
v 0.0 1.844729824728593 8.185707090199157
v 0.0 2.499999999999998 7.401923788646681
v 0.0 2.027110557980691 6.536678016914006
v 0.0 2.494870245209166 5.68453654049284
v 0.0 7.482081723725301 3.948244348764878
v 0.0 8.143052029193454 3.035417961034607
v 0.0 7.489780945958582 2.214994676510117
v 0.0 8.000000000000034 4.803847577293407
v 0.0 7.500593694144521 5.68772839422292
v 0.0 8.498631867816277 5.629408494372081
v 0.0 8.049904799938966 6.552209526786911
v 0.0 8.581257850460034 7.415674617446868
v 0.0 7.591237242342008 7.454237643211312
v 0.0 7.042071017136441 6.582948793547975
v 0.0 6.569873033501431 7.479196303919537
v 0.0 5.530102239035472 7.458887696167544
v 0.0 8.127331006112344 8.292320557763276
v 0.0 6.535220886502075 9.147750735478299
v 0.0 9.13397459621556 3.5
v 0.0 3.5 0.8660254037844386
v 0.0 0.8615021101622748 2.506386816833468
v 0.0 0.8422590298602735 4.494733817713905
v 0.0 1.812749466149219 4.918342903366637
v 0.0 5.5 0.8660254037844384
v 0.0 7.459001150420782 0.8154625002685548
v 0.0 1.009688980860854 6.52909526529851
v 0.0 6.500000000000052 2.205771365940082
v 0.0 6.510518357782257 5.688478027649888
v 0.0 4.50000000000004 3.937822173508943
v 0.0 3.499495744410371 5.673366085921853
v 0.0 3.50000000000004 3.937822173508938
v 0.0 4.49553497057664 9.138042967266237
v 0.0 2.967852575961479 4.825956242348761
v 0.0 5.003811433889901 8.291675693686564
v 0.0 6.050296733604359 8.299642840245099
v 0.0 0.8318840360934889 8.509037909363933
v 0.0 9.201081741174834 1.534846009811134
v 0.0 1.559066101390909 0.9385434397696801
v 0.0 8.47093315097213 9.177384691524678
v 0.0 7.097762987077145 8.295205876954268
v 0.0 1.619468829961766 2.0
v 0.0 8.380232778161282 2.001657094824572
v 0.0 1.584349318863731 3.983326782656722
v 0.0 8.392304845413289 4.0
v 0.0 9.326018613482308 5.514643395258856
v 0.0 7.0 1.535898384862241
v 0.0 6.0 1.535898384862236
v 0.0 5.000000000000001 1.535898384862233
v 0.0 4.0 1.53589838486223
v 0.0 3.0 1.535898384862227
v 0.0 1.674038105676656 7.301442841484993
v 0.0 1.633913227400683 5.822555786822366
v 0.0 9.381299563793663 7.5
v 0.0 0.7320508075688795 9.26794919243112
v 0.0 0.7320508075688774 0.7320508075688772
v 0.0 9.26794919243112 9.26794919243112
v 0.0 9.267949192431121 0.7320508075688774
v 0.0 7.770209889354904 1.513537464898912
v 0.0 2.247535853692358 1.497493107682986
v 20.0 4.5 0.8660254037844386
v 20.0 0.8477828132215661 5.468402906283429
v 20.0 5.496648775751183 9.144751875044387
v 20.0 9.049999118818404 4.639102936910179
v 20.0 0.8660254037844386 3.5
v 20.0 6.5 0.8660254037844386
v 20.0 3.5 9.13397459621556
v 20.0 9.114200486593768 6.512758904849846
v 20.0 7.548552510315178 9.145153916580085
v 20.0 9.112749022350904 2.52041532837096
v 20.0 2.540211967676223 0.7959225689633992
v 20.0 0.8962961249554264 7.586725654706575
v 20.0 0.8294974041488186 1.505932316993227
v 20.0 1.504237369280876 9.153227954944166
v 20.0 9.124118462490358 8.373263475218657
v 20.0 8.445559454105704 0.9549528281023998
v 20.0 2.500706228213478 9.137183489336993
v 20.0 3.000117704702248 8.26848400795136
v 20.0 3.996668393201562 8.269973158573336
v 20.0 3.499464349650643 7.402350252257094
v 20.0 4.503914224774554 7.417394580996827
v 20.0 4.000563095737548 6.538547927522341
v 20.0 5.008656211966694 6.552045997866494
v 20.0 4.50153655128406 5.673005840355204
v 20.0 5.501698793875144 5.673086393124763
v 20.0 5.000539224193226 4.804905289180771
v 20.0 4.000000000000034 4.803847577293375
v 20.0 6.00037300301142 4.804559431282445
v 20.0 5.50015203786747 3.938117101155022
v 20.0 6.018296886888574 6.578550967939789
v 20.0 6.500087506813175 3.937989970448144
v 20.0 3.000004574231378 6.536411052573991
v 20.0 7.000076751637454 4.803994185781439
v 20.0 6.000039924113473 3.071873890488725
v 20.0 5.000000000000047 3.071796769724507
v 20.0 7.000021238487806 3.071837589341754
v 20.0 5.500000000000053 2.205771365940072
v 20.0 4.500000000000052 2.205771365940066
v 20.0 4.000000000000045 3.071796769724502
v 20.0 3.500000000000052 2.20577136594006
v 20.0 3.000000000000047 3.071796769724496
v 20.0 2.518932369432892 2.217101144819622
v 20.0 1.854021023078626 3.032388584007578
v 20.0 2.50000000000004 3.937822173508931
v 20.0 1.844729824728593 8.185707090199157
v 20.0 2.499999999999998 7.401923788646681
v 20.0 2.027110557980691 6.536678016914006
v 20.0 2.494870245209166 5.68453654049284
v 20.0 7.482081723725301 3.948244348764878
v 20.0 8.143052029193454 3.035417961034607
v 20.0 7.489780945958582 2.214994676510117
v 20.0 8.000000000000034 4.803847577293407
v 20.0 7.500593694144521 5.68772839422292
v 20.0 8.498631867816277 5.629408494372081
v 20.0 8.049904799938966 6.552209526786911
v 20.0 8.581257850460034 7.415674617446868
v 20.0 7.591237242342008 7.454237643211312
v 20.0 7.042071017136441 6.582948793547975
v 20.0 6.569873033501431 7.479196303919537
v 20.0 5.530102239035472 7.458887696167544
v 20.0 8.127331006112344 8.292320557763276
v 20.0 6.535220886502075 9.147750735478299
v 20.0 9.13397459621556 3.5
v 20.0 3.5 0.8660254037844386
v 20.0 0.8615021101622748 2.506386816833468
v 20.0 0.8422590298602735 4.494733817713905
v 20.0 1.812749466149219 4.918342903366637
v 20.0 5.5 0.8660254037844384
v 20.0 7.459001150420782 0.8154625002685548
v 20.0 1.009688980860854 6.52909526529851
v 20.0 6.500000000000052 2.205771365940082
v 20.0 6.510518357782257 5.688478027649888
v 20.0 4.50000000000004 3.937822173508943
v 20.0 3.499495744410371 5.673366085921853
v 20.0 3.50000000000004 3.937822173508938
v 20.0 4.49553497057664 9.138042967266237
v 20.0 2.967852575961479 4.825956242348761
v 20.0 5.003811433889901 8.291675693686564
v 20.0 6.050296733604359 8.299642840245099
v 20.0 0.8318840360934889 8.509037909363933
v 20.0 9.201081741174834 1.534846009811134
v 20.0 1.559066101390909 0.9385434397696801
v 20.0 8.47093315097213 9.177384691524678
v 20.0 7.097762987077145 8.295205876954268
v 20.0 1.619468829961766 2.0
v 20.0 8.380232778161282 2.001657094824572
v 20.0 1.584349318863731 3.983326782656722
v 20.0 8.392304845413289 4.0
v 20.0 9.326018613482308 5.514643395258856
v 20.0 7.0 1.535898384862241
v 20.0 6.0 1.535898384862236
v 20.0 5.000000000000001 1.535898384862233
v 20.0 4.0 1.53589838486223
v 20.0 3.0 1.535898384862227
v 20.0 1.674038105676656 7.301442841484993
v 20.0 1.633913227400683 5.822555786822366
v 20.0 9.381299563793663 7.5
v 20.0 0.7320508075688795 9.26794919243112
v 20.0 0.7320508075688774 0.7320508075688772
v 20.0 9.26794919243112 9.26794919243112
v 20.0 9.267949192431121 0.7320508075688774
v 20.0 7.770209889354904 1.513537464898912
v 20.0 2.247535853692358 1.497493107682986
v 5.528702737154844 0.0 9.117371963342391
v 8.5 0.0 9.13397459621556
v 11.41962572750889 0.0 9.04647083835614
v 14.63630341709841 0.0 9.059727590364474
v 6.345880239301931 0.0 0.9508177836647884
v 9.558704072195281 0.0 0.9550101263746292
v 12.49531168268145 0.0 0.8810047135793578
v 19.13397459621557 0.0 4.499999999999997
v 0.898010373046216 0.0 4.456710239961637
v 15.47949683760966 0.0 0.9036463331729467
v 3.433422417453821 0.0 0.9190511437740438
v 19.13397459621556 0.0 6.5
v 0.8660254037844386 0.0 6.5
v 3.441524506485676 0.0 9.203396983313514
v 16.50920199901655 0.0 9.111456979281883
v 19.16765605879924 0.0 2.558338004468157
v 0.8613067098656106 0.0 2.508173017612776
v 17.5 0.0 0.8660254037844386
v 0.8289926863234846 0.0 8.560557292563374
v 19.1563036955848 0.0 8.461324865405185
v 1.591825619057402 0.0 0.9056972474407929
v 19.13958817331284 0.0 3.509723000744688
v 18.268884788614 0.0 4.001620500124101
v 18.26810512512827 0.0 5.000270083354003
v 17.40210571012668 0.0 4.500315097246327
v 17.40198009767619 0.0 5.50009753010003
v 16.53593808994715 0.0 5.000068771224359
v 16.53591438721462 0.0 6.000027716887365
v 15.66988226565067 0.0 5.500016081351911
v 15.66988114602077 0.0 4.500014142096004
v 14.80384833433538 0.0 5.000001311235181
v 14.80384906429087 0.0 4.00000257555515
v 13.93782254751551 0.0 4.500000647798331
v 13.93782236201702 0.0 5.500000326505528
v 13.07179686347693 0.0 5.000000162383914
v 13.0717968167679 0.0 6.000000081481513
v 12.20577138940602 0.0 5.500000040644172
v 12.20577138547645 0.0 4.500000033837948
v 11.33974596402125 0.0 5.00000000323129
v 11.33974596572262 0.0 4.000000006178137
v 10.47372055927661 0.0 4.500000001568162
v 10.47372055883301 0.0 5.500000000799834
v 9.60769515481461 0.0 5.000000000394587
v 9.607695154701673 0.0 6.000000000198991
v 8.741669750859423 0.0 5.500000000098845
v 8.741669750849795 0.0 4.500000000082157
v 7.875644347022389 0.0 5.000000000007735
v 7.875644347028121 0.0 6.000000000017677
v 7.009618943235876 0.0 5.500000000004144
v 7.00961894323458 0.0 4.50000000000189
v 6.143593539449578 0.0 5.000000000000913
v 6.14359353944927 0.0 4.000000000000376
v 5.277568135664686 0.0 4.50000000000012
v 5.277568135664658 0.0 5.500000000000076
v 4.411542731880107 0.0 4.999999999999877
v 4.411542731880115 0.0 5.999999999999895
v 4.439365383753692 0.0 4.040043573294899
v 7.00961894323366 0.0 3.50000000000029
v 7.009618943235525 0.0 6.500000000003546
v 13.93782248367629 0.0 3.500000537225522
v 3.54551732809566 0.0 5.499999999999861
v 15.66987719556532 0.0 6.500007299706501
v 15.80157121693185 0.0 3.41963218876421
v 10.47372055846729 0.0 6.500000000166392
v 10.47372055911658 0.0 3.500000001290977
v 3.545517328095655 0.0 6.49999999999986
v 11.33974596287435 0.0 3.000000001244786
v 9.607695154621892 0.0 7.000000000060819
v 4.411542731880091 0.0 6.999999999999862
v 6.143593539449068 0.0 3.00000000000002
v 16.53590175433553 0.0 7.000005836098945
v 17.43640526924718 0.0 3.559723676320227
v 12.2057713776916 0.0 6.500000020354212
v 13.07179677952363 0.0 7.00000001697256
v 7.8756443470199 0.0 7.000000000003451
v 7.009618943234092 0.0 7.500000000001075
v 15.6669549843672 0.0 7.507491180710706
v 10.47372055839303 0.0 7.50000000003779
v 7.008015786027903 0.0 2.517756739518683
v 7.875377154150312 0.0 3.002959456586413
v 7.922082211912794 0.0 1.85877943599145
v 8.741669750802295 0.0 2.499999999999875
v 2.684195408363604 0.0 5.999999999999851
v 2.684979322372329 0.0 6.999999999999849
v 2.679491924311219 0.0 4.999999999999849
v 10.4737205586152 0.0 2.500000000422557
v 12.19212840388106 0.0 7.476369696548042
v 13.04622569349874 0.0 8.14204061015804
v 13.9378221735089 0.0 7.49999999999991
v 6.143593539449431 0.0 7.000000000000675
v 11.32610299666531 0.0 2.023630309950855
v 12.18985457282738 0.0 2.527568694872242
v 9.62233566153066 0.0 7.974641898157332
v 1.811155456843882 0.0 5.647650171401071
v 6.080944535912574 0.0 8.163968975469595
v 6.994464809512769 0.0 8.407920579599596
v 6.17543763935133 0.0 2.012519160049233
v 5.287578969700667 0.0 2.502086526674784
v 5.370073263372338 0.0 1.50243458648838
v 4.411542731880102 0.0 1.999999999999861
v 10.49385384402914 0.0 8.47570264447781
v 10.46766145736969 0.0 1.524256217738647
v 16.52804395531101 0.0 8.026423190007378
v 17.40061527863367 0.0 7.504404837684367
v 17.40192378864664 0.0 8.499999999999956
v 9.563671756852676 0.0 9.037896236858893
v 15.62023925399224 0.0 8.51820112560016
v 11.41614138696456 0.0 0.9625099955701438
v 14.79690606282202 0.0 8.002965869133305
v 18.27145262399047 0.0 7.994288283848249
v 18.37108990009328 0.0 9.079098480086664
v 18.26798456605222 0.0 6.000061268908995
v 9.607695154751642 0.0 3.000000000285514
v 13.07179683753596 0.0 4.000000117452799
v 13.06914403386886 0.0 3.004594891591716
v 13.93738010256091 0.0 2.500765904802823
v 13.02011162531925 0.0 1.836672283430921
v 13.94249604861539 0.0 1.566032842435749
v 14.90401499922277 0.0 1.867343061992846
v 3.563703512908902 0.0 7.470084679281328
v 2.755637396940323 0.0 7.896654154569438
v 4.431611745530454 0.0 7.961487809316761
v 1.810336874509811 0.0 7.450283809491361
v 18.26794919243111 0.0 6.999999999999985
v 7.875599814882172 0.0 4.000493242779728
v 0.8705697830082638 0.0 3.494147209595735
v 1.732021755119711 0.0 3.000386704534752
v 1.703169957836804 0.0 1.993882512544163
v 2.588554410270723 0.0 2.499044869513152
v 2.669861309059685 0.0 3.413325742264592
v 3.483417587754398 0.0 2.94154484466313
v 2.542142185907031 0.0 1.49792479239166
v 1.823475279821007 0.0 3.890848795982726
v 2.460675415567595 0.0 9.261457997041957
v 4.462670725985739 0.0 8.99244633376809
v 12.51068630869561 0.0 9.119314668762964
v 3.558760623672493 0.0 4.522584619812563
v 19.13400648060194 0.0 5.500055225377166
v 19.13828001803699 0.0 7.492602191542236
v 4.521942695174108 0.0 0.91091582930326
v 7.5 0.0 0.8660254037844388
v 8.47741655672823 0.0 0.8821933983794392
v 16.49658280626828 0.0 0.8722955586825233
v 16.98906749662954 0.0 1.727112769241515
v 18.00515037238121 0.0 1.645228238351734
v 18.49719675502138 0.0 0.8485062335027446
v 13.5 0.0 9.133974596215559
v 16.0 0.0 1.732050807568877
v 16.420997205521 0.0 2.546717664068459
v 14.80384998472844 0.0 6.000004169799824
v 11.33974596215558 0.0 7.999999999999891
v 16.59194546636895 0.0 4.045663751618509
v 11.33974596842912 0.0 6.000000010865962
v 5.288577200701967 0.0 3.507021683328344
v 8.758750342233583 0.0 7.470415547844516
v 7.937758150996006 0.0 8.14996352497276
v 13.93782261563987 0.0 6.500000765793208
v 8.744516516077432 0.0 6.495069258037383
v 6.143593539449656 0.0 6.000000000001057
v 5.277568135664745 0.0 6.500000000000236
v 5.277568135664522 0.0 7.499999999999856
v 9.607695154935255 0.0 4.000000000603547
v 12.2026764597176 0.0 3.505360624196271
v 11.33747213816961 0.0 6.996061621328715
v 8.741669750802297 0.0 3.499999999999887
v 14.80384757729338 0.0 2.999999999999938
v 9.61316063102386 0.0 2.021902492662557
v 14.80220550277196 0.0 7.001744880857242
v 17.40172421272388 0.0 6.500766198279948
v 18.3153470446504 0.0 3.082095488213423
v 3.417284885624085 0.0 1.911312532368798
v 4.437860453130378 0.0 3.031712397079711
v 0.8973932809353189 0.0 5.421978791801491
v 1.971338493174813 0.0 6.519586796178427
v 0.850865721995314 0.0 7.542007177683795
v 1.886644013619505 0.0 8.374129127086071
v 19.08511031737684 0.0 1.573716316420248
v 0.8212934370214553 0.0 1.530654171284594
v 17.47349493696994 0.0 2.593728055912515
v 14.51144658059346 0.0 0.8404005489622545
v 6.472863792724636 0.0 9.165858836362629
v 15.59175098011559 0.0 2.545103758285166
v 7.516219610402861 0.0 9.156275676984414
v 13.9941529280003 0.0 8.385498397177994
v 6.995042436387138 0.0 1.624213532770107
v 13.44222211889281 0.0 0.8280452665076782
v 1.483509537525867 0.0 9.245233217841129
v 12.10168241914798 0.0 8.356839162765016
v 12.08950445289159 0.0 1.646277199480704
v 8.876503182322585 0.0 8.353378360809813
v 8.829512792409048 0.0 1.65214861115412
v 5.156299576049626 0.0 8.34705501637934
v 5.5 0.0 0.6831586447571744
v 2.513478044483651 0.0 0.6645346367212993
v 17.4886617913242 0.0 9.332205338620064
v 10.49881046066174 0.0 9.327613442066855
v 10.5 0.0 0.6668968696840502
v 3.649147038914052 0.0 8.320508075688696
v 15.5 0.0 9.347437364684016
v 19.26794919243114 0.0 9.267949192431134
v 0.7320508075688772 0.0 0.7320508075688774
v 19.26794919243112 0.0 0.7320508075688774
v 0.7247451096446214 0.0 9.275254890355379
v 3.653953209939118 0.0 3.7293243292892
v 2.818206931238303 0.0 4.240261439769822
v 1.904480123267321 0.0 4.753373733276725
v 3.946048182533029 0.0 1.435319876361491
v 16.70577136594008 0.0 3.294228634059935
v 18.44172580442021 0.0 2.300989921132312
v 2.83872567430543 0.0 8.611229267539935
v 5.555217098877336 10.0 9.102051449524335
v 11.43464527466986 10.0 0.9203331954529551
v 14.59159272219503 10.0 9.102993969770178
v 8.5 10.0 0.8660254037844386
v 9.55870407219523 10.0 9.044989873625235
v 5.527819305463106 10.0 0.8499639202866467
v 14.54627827201298 10.0 0.8381900868174071
v 19.13397459621557 10.0 4.499999999999997
v 0.898010373046228 10.0 4.456710239961613
v 19.13397459621555 10.0 6.500000000000001
v 0.8660254037844386 10.0 6.5
v 3.441524506485719 10.0 0.796603016686385
v 16.5 10.0 0.8660254037844386
v 3.441524506485653 10.0 9.20339698331347
v 7.5 10.0 9.13397459621556
v 11.43464527466979 10.0 9.079666804546866
v 16.51538502208377 10.0 9.093405915574557
v 0.9653466544676899 10.0 2.491974592843957
v 19.16765605879924 10.0 2.558338004468157
v 0.8289926863234894 10.0 8.560557292563336
v 19.1563036955848 10.0 8.461324865405185
v 18.49576263071912 10.0 0.8467720450558311
v 1.498441921031092 10.0 0.8481180177860851
v 19.13958817331284 10.0 3.509723000744688
v 18.268884788614 10.0 4.001620500124099
v 18.26810512512827 10.0 5.000270083354008
v 17.41320305953083 10.0 4.519536270243647
v 17.40382965591021 10.0 5.503301058932924
v 16.54919325729099 10.0 5.023027394526713
v 16.5384318414776 10.0 6.004388075576576
v 15.67251103591848 10.0 5.504569245017171
v 15.61626321497335 10.0 4.396511026847823
v 14.80384757729336 10.0 4.999999999999926
v 14.80428725310012 10.0 6.000761540836134
v 13.93789545281004 10.0 5.50012692347261
v 13.91423244697062 10.0 4.563287226595374
v 13.07414363271915 10.0 5.021422524527814
v 13.06848503343913 10.0 5.987149068425143
v 12.20842267556769 10.0 5.496557860916658
v 12.20439600738665 10.0 4.503445295968263
v 11.33995862066798 10.0 5.000000526147378
v 11.33974596215558 10.0 5.999999999999851
v 10.47375600145655 10.0 5.500000087691082
v 10.47376190863747 10.0 4.500000102306291
v 9.607707953478675 10.0 5.000000031666093
v 9.607703194916258 10.0 6.000000019892728
v 8.74167322400586 10.0 5.500000008592986
v 8.741672462818222 10.0 4.500000006709699
v 7.875645377887768 10.0 5.000000002550283
v 7.896370912995879 10.0 4.035898386405428
v 7.013073542708078 10.0 4.505983064825772
v 7.01019488162416 10.0 5.500997177895831
v 6.144265295759876 10.0 5.001163373786737
v 6.143801488565889 10.0 6.0003600919469
v 5.277714753235829 10.0 5.500253910955391
v 5.277704531311585 10.0 4.500236214123479
v 4.411542731880098 10.0 4.999999999999667
v 4.411567168141953 10.0 6.000042318492284
v 4.411565464487967 10.0 4.000039369020298
v 7.009777658455775 10.0 3.466804332134535
v 3.545521400805958 10.0 5.500007053081744
v 8.741671669724441 10.0 6.500000004747474
v 8.765850572631676 10.0 3.541881450381307
v 17.44935217688534 10.0 3.582148378150438
v 3.545522079590978 10.0 6.500008228595427
v 4.411547596506246 10.0 7.0000084245144
v 9.60769681446197 10.0 7.000000004106572
v 17.4021934268803 10.0 6.500467027120333
v 16.53636556733703 10.0 7.000809183782789
v 17.40201150539763 10.0 7.500151929869403
v 7.009749591151324 10.0 6.500226211640287
v 6.143649972288069 10.0 7.000097717264337
v 5.256304069908872 10.0 3.536922309158527
v 4.408002509688846 10.0 3.006160279696245
v 3.549634563884176 10.0 3.501033274785843
v 8.756310854202923 10.0 7.474641899616511
v 2.684196879064527 10.0 6.000002546945929
v 2.684980359404998 10.0 7.000001795923297
v 2.708099414095404 10.0 5.040045173299367
v 7.008046966153978 10.0 7.482297248631913
v 3.562885115498352 10.0 2.531114246465337
v 2.656198169382082 10.0 2.961363400679253
v 5.394087880130921 10.0 2.532878540881008
v 2.767373433965633 10.0 2.11272082684377
v 1.814561285473065 10.0 5.652417757144475
v 6.096027318114139 10.0 8.136605725605518
v 9.616610941668531 10.0 7.977913861032274
v 10.47372055837111 10.0 7.499999999999823
v 10.48723780151003 10.0 8.489278944919972
v 11.36069363754568 10.0 7.99258823855839
v 12.28474857199431 10.0 8.417957838473983
v 12.19912108598869 10.0 7.44310524750265
v 13.11516578900927 10.0 7.923375356824575
v 13.10575307978344 10.0 8.884857857399822
v 16.53257197427008 10.0 8.015727838204437
v 15.6693964430582 10.0 7.502756170331165
v 17.41431114776891 10.0 8.489902117095085
v 15.60213228981673 10.0 8.506433047330026
v 14.78340114103933 10.0 8.000593723997502
v 18.27374988830483 10.0 7.991896485394943
v 18.37318770344136 10.0 9.077314239892639
v 18.26833776546349 10.0 6.000673028234544
v 13.93814585201712 10.0 6.490310347944853
v 14.80793446925205 10.0 6.99907029718492
v 3.563705288434542 10.0 7.470087754120165
v 2.755637865700019 10.0 7.896654966363035
v 4.43161285222238 10.0 7.961489725875596
v 1.810336939838115 10.0 7.450283922626172
v 5.277568135664468 10.0 7.499999999999692
v 7.87784462921138 10.0 6.992860894105953
v 7.924530748853877 10.0 8.137008598074111
v 9.61173476842067 10.0 4.00698026517717
v 9.61239856053065 10.0 3.008143619259619
v 8.618196989097584 10.0 2.533720778525343
v 9.604527742815232 10.0 2.03039457495426
v 10.47372055837122 10.0 2.499999999999819
v 10.49338911543313 10.0 1.519604106681779
v 11.36171885653292 10.0 2.008892270041678
v 12.28491944182558 10.0 1.582288912959197
v 12.18455792579542 10.0 2.559575254688382
v 13.09348383604901 10.0 2.144660810509846
v 13.05038190061755 10.0 3.099025220474916
v 13.95127093427272 10.0 2.755535662213315
v 13.1012909062508 10.0 1.146542278749691
v 9.562764499168894 10.0 0.9604891438636637
v 10.4703523533171 10.0 3.502520664457097
v 5.277641519067075 10.0 6.500127077195499
v 0.8660254037844386 10.0 3.5
v 1.732050807568877 10.0 4.0
v 2.460675415567603 10.0 9.261457997041877
v 4.466458650044913 10.0 8.990257962731024
v 6.506561693781736 10.0 9.132336552906333
v 8.477708049221187 10.0 9.117305177104514
v 2.472381547112455 10.0 0.774846070679979
v 4.456707059360278 10.0 0.9945343954094086
v 4.439624239395221 10.0 2.063310215557526
v 19.13406534717048 10.0 5.500157185264758
v 19.1386628954227 10.0 7.492203558466686
v 6.504636550910517 10.0 0.8633484898681398
v 6.0 10.0 1.732050807568877
v 7.000772758485086 10.0 1.731604655249494
v 6.486748052288615 10.0 2.547112136499255
v 7.519249243054524 10.0 2.537780503191803
v 7.500901551565933 10.0 0.8655048927451583
v 8.0 10.0 1.732050807568877
v 15.5077130453355 10.0 0.8613861842899342
v 16.00128550755591 10.0 1.731277604319795
v 16.98985128017748 10.0 1.725938876216987
v 16.43912172119707 10.0 2.562633461263145
v 15.52181891668396 10.0 2.573708744622331
v 15.98090961668025 10.0 3.401085086652482
v 14.90331849157531 10.0 3.347057617663308
v 15.04403387941924 10.0 1.703327298056307
v 17.49760231848276 10.0 0.8617978554376888
v 18.00417516117284 10.0 1.641119105001753
v 11.32178255923268 10.0 4.000379650047948
v 7.876129895600823 10.0 5.999014049922135
v 3.55567940062986 10.0 4.506854145031089
v 10.46889581552472 10.0 6.500000018614981
v 6.11949585246735 10.0 4.038727927639558
v 18.26982167961408 10.0 6.997565338180985
v 15.67102640056311 10.0 6.501470775324838
v 18.3175048625901 10.0 3.085832938518458
v 14.008665175635 10.0 1.711117290984564
v 1.841687424841138 10.0 2.499999999999591
v 2.535660148878043 10.0 3.997941473770107
v 0.8977987367245164 10.0 5.42254636153283
v 1.972020173513028 10.0 6.520541204527975
v 0.8508657248295404 10.0 7.542007182592105
v 11.33459843153225 10.0 6.988865366336037
v 11.3174778878182 10.0 3.005755029816566
v 12.20444672620658 10.0 6.473346227059211
v 13.96414643436116 10.0 7.477612517865866
v 1.886644090322682 10.0 8.374129259919835
v 19.08486446681453 10.0 1.573120059094034
v 0.8431454508664332 10.0 1.499224738798085
v 17.46667392430695 10.0 2.588468288624286
v 12.17899149100239 10.0 3.526720070890062
v 13.0497996354565 10.0 4.05398758288757
v 13.06759896069121 10.0 6.955745869241671
v 7.00183083751061 10.0 8.396319043676622
v 13.89018792248161 10.0 8.447613820048081
v 13.92580192698603 10.0 3.670557264994339
v 16.61436317218928 10.0 4.058728771624091
v 1.483509550309733 10.0 9.245233239980069
v 1.903660788552892 10.0 1.646556950349096
v 8.866772933228349 10.0 8.35037188189053
v 12.36502938528951 10.0 9.276496500084134
v 12.36417112454925 10.0 0.7298328774323686
v 5.165376810984647 10.0 8.338080972747234
v 8.841434635933895 10.0 1.640503051941161
v 15.54182200681911 10.0 9.340566586534953
v 5.16691583277863 10.0 1.635681906582124
v 17.48973781097941 10.0 9.330646967795085
v 10.5 10.0 9.333103130315793
v 10.5 10.0 0.6668968696840067
v 3.64914703891391 10.0 8.320508075688583
v 3.649147038914307 10.0 1.679491924311037
v 14.68582147951724 10.0 2.418149322707965
v 14.63269273155973 10.0 4.195482627220154
v 7.98611117902596 10.0 3.218242634594005
v 6.015850016659912 10.0 3.221258271808299
v 19.26794919243114 10.0 9.267949192431134
v 0.7320508075688772 10.0 0.7320508075688774
v 19.26794919243112 10.0 0.7320508075688774
v 1.717480213195117 10.0 3.240209331675493
v 0.7247451096446258 10.0 9.275254890355374
v 1.818025765675666 10.0 4.755510531089957
v 13.78106836850143 10.0 9.296249494430548
v 13.76809942386341 10.0 0.7129704727031281
v 16.79008412225178 10.0 3.238612797262888
v 18.44172580442021 10.0 2.300989921132312
v 2.838725783397973 10.0 8.611229456465358
v 3.0 10.0 1.368075368238396
v 5.528702737154831 9.11737196334244 0.0
v 12.5 9.13397459621556 0.0
v 8.48311844914879 9.1227127739424 0.0
v 10.56277373953385 0.797984171497782 0.0
v 14.63630341709841 0.9402724096355207 0.0
v 6.345880239301928 0.9508177836648954 0.0
v 19.13397459621557 5.500000000000004 0.0
v 0.8980103730462031 4.45671023996166 0.0
v 15.47949683760965 9.111718562438028 0.0
v 3.433422417453821 0.919051143774063 0.0
v 19.13397459621556 3.500000000000009 0.0
v 0.8660254037844386 6.5 0.0
v 8.47357243932232 0.8507674445131556 0.0
v 12.53261839029333 0.8956387776011889 0.0
v 16.50920199901655 0.8885430207181129 0.0
v 3.44152450648569 9.203396983313562 0.0
v 10.56277373953383 9.202015828502253 0.0
v 19.13397459621556 7.5 0.0
v 0.8613067098656109 2.508173017612777 0.0
v 17.49182698238722 9.138693290134388 0.0
v 0.828992686323477 8.560557292563411 0.0
v 19.15630369558481 1.538675134594827 0.0
v 1.591825619057402 0.9056972474407933 0.0
v 19.11099489169442 6.539802015773543 0.0
v 18.24113953715646 6.046435685069143 0.0
v 18.26348091655201 5.007739280844871 0.0
v 17.39671080012106 5.509029160985694 0.0
v 17.40150376988693 4.500727493832049 0.0
v 16.53495955031467 5.001626109136326 0.0
v 16.53567190931101 4.000392267161427 0.0
v 15.669678762728 4.500336396049669 0.0
v 15.66968413892824 5.500327084197707 0.0
v 14.8037837338768 5.000110580041276 0.0
v 14.80380546303235 6.000072944039876 0.0
v 13.937804513896 5.500030587346908 0.0
v 13.93780858967067 4.50002352789808 0.0
v 13.07179156248262 5.000009019207551 0.0
v 13.07179363787779 4.000005424517656 0.0
v 12.20576997609195 4.500002407287588 0.0
v 12.20577026642505 5.500001904415912 0.0
v 11.33974554726175 5.00000071861731 0.0
v 11.33974566136527 4.000000520984209 0.0
v 10.47372043909047 4.500000206600314 0.0
v 10.47372046934208 5.500000154203001 0.0
v 9.60769511986843 5.000000060133949 0.0
v 9.607695128920225 4.000000044455772 0.0
v 8.741669740738153 4.500000017431685 0.0
v 8.741669743338552 5.50000001292767 0.0
v 7.875644344096536 5.000000005059958 0.0
v 7.875644345287012 6.000000002998005 0.0
v 7.009618942458054 5.500000001343062 0.0
v 7.009618942617298 4.500000001067239 0.0
v 6.143593539217061 5.000000000401785 0.0
v 6.143593539307632 4.000000000244906 0.0
v 5.277568135602323 4.500000000107853 0.0
v 5.277568135615515 5.50000000008501 0.0
v 4.411542731861555 5.000000000032217 0.0
v 4.37955776260487 4.043289760061758 0.0
v 4.411542731868835 6.000000000019608 0.0
v 7.009618942815715 6.500000000723579 0.0
v 7.009618943107164 3.500000000218759 0.0
v 13.93781221119661 6.50001725523118 0.0
v 3.54551732809069 5.500000000008709 0.0
v 8.741669749269866 6.500000002654351 0.0
v 15.66985472939875 3.500031612835465 0.0
v 15.66983448834272 6.500066671372974 0.0
v 3.545517328092953 6.500000000004791 0.0
v 4.41154273187777 7.000000000004137 0.0
v 6.14359353943736 3.000000000020211 0.0
v 16.53585759699051 3.00007064666618 0.0
v 17.3902139919858 6.505252271297172 0.0
v 8.74166974484718 3.500000010314642 0.0
v 9.607695149316456 3.000000009128466 0.0
v 13.93781938756142 3.500004825402669 0.0
v 13.07179651298274 3.000000444689799 0.0
v 15.6669438804486 2.492528051840469 0.0
v 7.009618943233407 2.500000000000102 0.0
v 2.684195408362327 6.000000000002321 0.0
v 2.684979322371673 7.000000000001258 0.0
v 2.679361858452899 5.082646439515012 0.0
v 13.94783779173289 2.517151540398944 0.0
v 8.760727618734974 2.489162744809005 0.0
v 1.811139972812969 5.65748903324853 0.0
v 9.592121514787395 2.029468463135274 0.0
v 10.45369671219234 2.535098006902085 0.0
v 13.05426522264665 1.861264400188541 0.0
v 12.20577136594003 2.500000000000075 0.0
v 6.175704832216958 2.009559703466288 0.0
v 5.28762350184298 2.501593283914488 0.0
v 5.370125217540325 1.501859136597922 0.0
v 4.411542731880089 2.000000000000111 0.0
v 16.5280347451004 1.973592762545336 0.0
v 17.40060638404106 2.495610568201944 0.0
v 17.40192378864663 1.500000000000043 0.0
v 15.62023683564352 1.481803063102679 0.0
v 14.79734000076266 1.997779261439573 0.0
v 18.27145114155837 2.005714283799482 0.0
v 18.37108968831727 0.920901886720151 0.0
v 18.26713447665797 4.001411129112832 0.0
v 3.563703512907976 7.470084679283205 0.0
v 2.755637396940064 7.896654154570111 0.0
v 4.431611745529921 7.961487809317871 0.0
v 5.26593645763088 7.467641219006286 0.0
v 1.810336874509779 7.450283809491671 0.0
v 13.07179111494414 6.00000979436695 0.0
v 12.20577024022416 6.500001949797202 0.0
v 13.071794776533 7.000003452309017 0.0
v 13.93782018092497 7.500003451256749 0.0
v 12.1921278804714 7.476370590678063 0.0
v 11.33747186029152 6.996062090079276 0.0
v 11.25064605139544 7.879132766883624 0.0
v 10.47372055837118 7.500000000000103 0.0
v 13.02154768903222 8.16679718732701 0.0
v 13.94276406891209 8.434572704252465 0.0
v 14.91527644202606 8.154661642337132 0.0
v 10.47334152655564 6.499343707380445 0.0
v 9.607631982362077 6.999890618339203 0.0
v 9.586947701718735 7.966766172375417 0.0
v 8.752841819965905 7.469084697035845 0.0
v 7.877506357931627 6.994847450568665 0.0
v 7.009929278316094 7.499141241882111 0.0
v 7.936977637652531 8.160460016367777 0.0
v 7.016550651897686 8.433605025825393 0.0
v 9.60762143178944 5.99987242593977 0.0
v 6.14170664888753 6.994463743602047 0.0
v 11.33930331835003 5.999235087415524 0.0
v 0.8705697830082612 3.49414720959574 0.0
v 1.73202175511971 3.000386704534753 0.0
v 1.703169957836805 1.993882512544165 0.0
v 2.588554410270722 2.499044869513155 0.0
v 2.585257392498605 3.470528870966166 0.0
v 3.464313019786739 2.848727654846393 0.0
v 2.54214218590703 1.497924792391665 0.0
v 2.460675415567585 9.261457997042042 0.0
v 4.46267072598567 8.9924463337683 0.0
v 9.547357687025457 8.99403237064537 0.0
v 11.53236310373408 9.219912319068408 0.0
v 16.49522063666614 9.146416601850085 0.0
v 17.0 8.267949192431121 0.0
v 18.09181822355783 8.162075306961418 0.0
v 7.469908779770707 0.8566960788098728 0.0
v 7.941929261633996 1.815654287589652 0.0
v 11.53779950211632 0.785023243234418 0.0
v 14.82240362776675 7.02580366070633 0.0
v 15.73191845604654 7.465286479042303 0.0
v 16.52420547124016 6.961602004017674 0.0
v 16.53093474015544 5.996317216834591 0.0
v 19.13827977096497 2.507398236399057 0.0
v 19.13309409760685 4.501525068326286 0.0
v 4.521947996619819 0.910857109926737 0.0
v 9.548436207992191 0.9999775286051212 0.0
v 13.5 0.8660254037844386 0.0
v 5.278616685831595 3.507480507391554 0.0
v 6.080047889505519 8.148947722657395 0.0
v 7.875644343737361 4.000000005682065 0.0
v 19.13397459621558 8.5 0.0
v 18.21167662851149 7.013391848482655 0.0
v 7.889868142549013 2.967469508102371 0.0
v 1.762222311552454 3.902941943689524 0.0
v 14.80379879675483 4.000084490371203 0.0
v 10.47038317550672 3.505849798011824 0.0
v 3.479443221234818 4.606881992859453 0.0
v 5.275315040888251 6.493684160452863 0.0
v 12.20577051940222 3.50000146624657 0.0
v 6.14290354164702 5.998024651101391 0.0
v 14.80393243110986 3.001263297048054 0.0
v 18.26889502634744 3.001689036252225 0.0
v 17.40161152720582 3.499983523537776 0.0
v 11.33585223276036 3.00682496535748 0.0
v 11.24931272002189 2.123259841952605 0.0
v 0.897391437598295 5.423150084878589 0.0
v 0.8508657219953145 7.542007177683816 0.0
v 1.971335396368237 6.521554568548756 0.0
v 4.381246790121859 3.078670210291037 0.0
v 3.415010532294598 1.900262866914474 0.0
v 1.88664401361946 8.374129127086272 0.0
v 18.4842711358295 9.173595953913736 0.0
v 0.8212934370214553 1.530654171284594 0.0
v 14.51242697711556 9.162828630172873 0.0
v 16.0 8.360138566096982 0.0
v 6.474665595103673 9.166765570496471 0.0
v 7.539633628551426 9.16798800556776 0.0
v 13.99242421171863 1.622663912665451 0.0
v 7.0 1.606540437112308 0.0
v 13.44284905748552 9.173849589476692 0.0
v 1.483509537525857 9.245233217841182 0.0
v 11.98626798627841 1.604785401730693 0.0
v 11.91736267257805 8.416908801317236 0.0
v 8.852324125761355 8.344108401151223 0.0
v 5.163483951919576 8.33951629393187 0.0
v 5.5 0.6831586447573106 0.0
v 8.841434635933926 1.64050305194118 0.0
v 17.48866178029882 0.6677946804764809 0.0
v 2.513478044483651 0.6645346367213042 0.0
v 17.28459721210453 7.410191060147328 0.0
v 3.649147038914141 8.320508075688828 0.0
v 10.36915112636786 1.681119569148457 0.0
v 10.36915112636782 8.318880430851646 0.0
v 15.5 0.6525626353159827 0.0
v 19.26794919243114 0.7320508075688674 0.0
v 19.26794919243113 9.267949192431125 0.0
v 0.7320508075688772 0.7320508075688774 0.0
v 0.7247451096446212 9.275254890355379 0.0
v 1.763903165275162 4.796425823100363 0.0
v 3.399603578888513 3.738079064052666 0.0
v 2.574241447947808 4.261042448187268 0.0
v 16.44809779328149 7.751048333740344 0.0
v 3.961057799687201 1.422519020554516 0.0
v 2.838725674305388 8.611229267540164 0.0
v 11.05616831667651 1.383371603159822 0.0
v 11.06818928424673 8.61613508323784 0.0
v 5.52870273715483 9.117371963342464 10.0
v 8.5 9.13397459621556 10.0
v 11.41962572750893 9.04647083835626 10.0
v 14.63910293691019 9.058890014687542 10.0
v 6.345880239301913 0.950817783664957 10.0
v 9.54376558190906 1.009331283981693 10.0
v 12.5 0.8660254037844386 10.0
v 15.4402873172796 0.892357778846953 10.0
v 0.8660254037844386 4.5 10.0
v 19.13397459621557 5.500000000000004 10.0
v 3.459625481743418 0.8427151648005993 10.0
v 19.13397459621556 3.499999999999993 10.0
v 0.8660254037844386 6.5 10.0
v 3.441524506485708 9.203396983313597 10.0
v 16.51098930148846 9.111347607092828 10.0
v 17.58672565470655 0.8962961249554123 10.0
v 0.8864837938544251 2.447428742445955 10.0
v 19.1386932901344 7.491826982387231 10.0
v 0.828992686323474 8.560557292563438 10.0
v 19.15322795494416 1.504237369280871 10.0
v 1.504237369280876 0.8467720450558318 10.0
v 18.40817438094261 9.094302752559216 10.0
v 19.13476104520203 6.498637830397876 10.0
v 18.2680802672622 5.999772971732991 10.0
v 18.2679710382363 4.999962161955512 10.0
v 17.40194927541939 5.49995585561477 10.0
v 17.40193167740966 4.499986336261734 10.0
v 16.53590394745152 4.999990365312784 10.0
v 16.53590355975592 5.999991036821286 10.0
v 15.66987298107781 5.50000000000006 10.0
v 15.66987390817601 4.49999839421885 10.0
v 14.80384773180973 4.999999732369879 10.0
v 14.80384775756244 3.999999687764842 10.0
v 13.93782218803348 4.499999974842808 10.0
v 13.93782220168243 5.499999951202184 10.0
v 13.07179677684083 4.999999987674251 10.0
v 13.07179677560615 5.999999989812818 10.0
v 12.20577136650397 5.49999999902341 10.0
v 12.20577136722008 4.499999997783037 10.0
v 11.33974596246293 4.999999999467848 10.0
v 11.33974596242015 3.999999999541919 10.0
v 10.47372055839597 4.499999999957195 10.0
v 10.47372055842654 5.499999999904291 10.0
v 9.607695154600092 4.999999999977039 10.0
v 9.60769515459308 3.999999999989162 10.0
v 8.741669750805572 4.4999999999945 10.0
v 8.741669750805073 5.499999999995387 10.0
v 7.875644347018115 4.99999999999975 10.0
v 7.875644347018374 5.999999999999339 10.0
v 7.00961894323355 5.499999999999997 10.0
v 7.009618943233471 4.500000000000107 10.0
v 6.143593539449007 5.000000000000178 10.0
v 6.143593539448974 4.000000000000207 10.0
v 5.277568135664535 4.500000000000235 10.0
v 5.27756813566455 5.500000000000234 10.0
v 4.411542731880099 5.000000000000262 10.0
v 4.411542731880083 4.000000000000265 10.0
v 4.411542731880115 6.000000000000259 10.0
v 8.741669750803878 3.499999999997409 10.0
v 7.009618943233539 6.500000000000046 10.0
v 13.9378222059745 3.499999943768012 10.0
v 3.545517328095667 5.500000000000279 10.0
v 8.741669750802872 6.499999999999276 10.0
v 15.66987384356012 6.499998506136937 10.0
v 15.66987316563899 3.49999968033065 10.0
v 3.545517328095686 6.500000000000279 10.0
v 12.20577136701435 6.499999998139465 10.0
v 13.07179677088386 6.999999997992118 10.0
v 4.41154273188013 7.00000000000026 10.0
v 9.60769515458803 2.99999999999788 10.0
v 16.53589939109161 6.999998257159728 10.0
v 8.756310257737187 2.525358101858366 10.0
v 7.009618943233404 3.500000000000198 10.0
v 6.143593539448944 3.000000000000228 10.0
v 12.20577136619745 3.49999999955425 10.0
v 11.33974596224258 2.999999999849467 10.0
v 15.66987298107787 7.50000000000006 10.0
v 7.008015786027816 2.517756739518909 10.0
v 2.684195408363623 6.000000000000293 10.0
v 2.684979322372373 7.000000000000295 10.0
v 2.684979322372339 5.000000000000293 10.0
v 12.19212840066161 7.476369689682322 10.0
v 11.33747213478829 6.996061614637082 10.0
v 13.04652298815572 8.142120266782982 10.0
v 14.80384772104047 6.999999751022892 10.0
v 12.19212840034666 2.523630309573723 10.0
v 11.25102515503316 2.120211064813237 10.0
v 1.813466520526791 5.50000000000031 10.0
v 6.175437639351271 2.012519160049495 10.0
v 5.282875485648217 2.502086526675129 10.0
v 5.369289349363574 1.502434586488614 10.0
v 4.480432051515516 1.998296839817317 10.0
v 14.80384757729344 8.000000000000085 10.0
v 11.33676349195615 7.979520047439661 10.0
v 10.47284450877675 7.495930277012928 10.0
v 10.49077067290258 8.475837382187546 10.0
v 9.625031339010746 7.969936508007857 10.0
v 9.596692578563687 2.061326261023483 10.0
v 16.53174703867155 8.025247583459265 10.0
v 17.40123206531981 7.504207640103177 10.0
v 17.4366819964756 8.51087210035612 10.0
v 9.563616400617494 9.037243286510417 10.0
v 15.62657797500339 8.516384685419963 10.0
v 9.61043851039178 6.994311130836782 10.0
v 8.759656847775059 7.468683171281734 10.0
v 7.87864219651353 6.994780528546816 10.0
v 7.010118584816063 7.499130088091299 10.0
v 6.143676813046115 6.999855014682045 10.0
v 6.081027809509511 8.163823990151409 10.0
v 6.994581392548572 8.407717600154113 10.0
v 7.938403948089326 8.148817133633566 10.0
v 10.47365280485429 6.49771717039857 10.0
v 18.26795414819248 3.999991416369532 10.0
v 17.4019259294007 3.499996292105207 10.0
v 14.8038476435093 2.999999885310624 10.0
v 13.9378221899558 2.499999971513177 10.0
v 15.6856846723643 2.527386507875688 10.0
v 16.53853405429583 3.004563746718596 10.0
v 16.53205470580192 2.039388874278008 10.0
v 17.38497598597424 2.536331169796385 10.0
v 18.26512574140493 3.006053146378508 10.0
v 18.18234780986481 1.85066702233704 10.0
v 14.87762004614316 1.843980773263391 10.0
v 13.96954553878791 1.593754490718697 10.0
v 3.563703512908978 7.470084679281719 10.0
v 2.755637396940364 7.896654154569795 10.0
v 4.431611745530506 7.961487809317026 10.0
v 1.810336874509857 7.45028380949178 10.0
v 7.877817238639654 3.007185806895883 10.0
v 7.924522296401936 1.863005786301244 10.0
v 16.53634044706212 4.000755802491303 10.0
v 9.60814108831344 5.998671383518557 10.0
v 3.54643189443917 4.500000000000279 10.0
v 2.685262402431031 4.000000000000293 10.0
v 3.549233922780378 3.504507524715168 10.0
v 2.645053341277834 3.068728549110068 10.0
v 1.802891903129148 3.55073414059397 10.0
v 2.460675415567578 9.261457997042108 10.0
v 4.462670725985774 8.992446333768209 10.0
v 12.51072170091669 9.119324151694531 10.0
v 13.5 9.133974596215559 10.0
v 16.5178933424704 1.023771480767104 10.0
v 11.33935569900839 5.998963130261776 10.0
v 19.12244601707157 2.476826256332735 10.0
v 19.13397906314332 4.499992263054173 10.0
v 2.493977141837382 0.8589314708323641 10.0
v 1.925921056518386 1.745949068520231 10.0
v 2.949734737050071 1.641162624974132 10.0
v 4.509585681869002 0.9455420870756815 10.0
v 7.5 0.8660254037844386 10.0
v 8.466300111786648 0.8984185142036135 10.0
v 10.57006800318535 0.8218684848639968 10.0
v 7.876006495622349 4.001197634481308 10.0
v 10.47372055843516 3.499999999889298 10.0
v 11.53357881434268 0.784068399826003 10.0
v 5.278452693995136 3.500347754446055 10.0
v 13.07179677899846 3.999999983937082 10.0
v 4.427278122926678 3.005380632323924 10.0
v 14.80384777544659 5.999999656788674 10.0
v 13.93782223636141 6.499999891136461 10.0
v 10.43967175587174 2.560442815786975 10.0
v 6.143607418381885 5.999975835780456 10.0
v 13.02608024437172 1.846597422108671 10.0
v 13.0619035309741 2.978371271742486 10.0
v 5.277584327752891 6.499971808410582 10.0
v 13.93782217350898 7.500000000000083 10.0
v 17.40183562521334 6.500654293571994 10.0
v 18.26875858092716 6.999183286365548 10.0
v 18.30263784558802 8.008559109349106 10.0
v 5.277568135664557 7.500000000000242 10.0
v 0.8508657219953355 7.542007177683829 10.0
v 1.971800705911416 6.490056761898535 10.0
v 0.7091034656191336 5.500000000000062 10.0
v 1.97052511044875 4.510146828118973 10.0
v 0.8554065071313948 3.44526457610294 10.0
v 3.472783580858712 2.441487295477513 10.0
v 1.886644013619516 8.374129127086286 10.0
v 19.17939796814817 8.46963649798842 10.0
v 0.8414488378704272 1.462033443931816 10.0
v 18.50863799503841 0.8325908453325849 10.0
v 14.48218195452821 0.8462151493338228 10.0
v 6.472880787336214 9.16582924752223 10.0
v 7.516312393110129 9.156111515124309 10.0
v 1.76534137916621 2.680112894942357 10.0
v 13.99621489357915 8.385716999235662 10.0
v 6.996636731857357 1.619472119893507 10.0
v 13.46517384679667 0.8422581281741869 10.0
v 1.483509537525865 9.2452332178412 10.0
v 11.91838398748824 1.585877875395906 10.0
v 12.10115246183982 8.352760998791153 10.0
v 8.857518165279703 1.67148798947368 10.0
v 8.877341707098525 8.351730939129826 10.0
v 5.156316230769035 8.34702601931587 10.0
v 5.500000000000001 0.6831586447573987 10.0
v 15.81070801681188 1.665377083006229 10.0
v 17.47116913578133 9.343304492001634 10.0
v 10.49864706377702 9.327586463066634 10.0
v 17.24079949976359 1.66929093442679 10.0
v 3.649147038914248 8.32050807568892 10.0
v 10.36915112636783 1.681119569148486 10.0
v 15.5 9.345811024680941 10.0
v 19.26794919243114 0.7320508075688674 10.0
v 0.7320508075688772 0.7320508075688774 10.0
v 19.26794919243112 9.26794919243112 10.0
v 0.7247451096446234 9.275254890355377 10.0
v 3.757752890460505 1.592189373665841 10.0
v 2.5 2.280145523736139 10.0
v 2.838725674305483 8.611229267540141 10.0
v 11.06920054881902 1.386925686218426 10.0
v 11.91709539468764 5.000002239663623 5.0000021915407
v 5.566251534157415 4.999985686508953 5.000014313490982
v 15.87510355788233 4.124884234334973 5.875117353460362
v 8.741672543021508 6.320515493729773 6.320515493487284
v 8.74167438575995 3.67948540656006 3.679485407089008
v 16.55261306156585 6.533583319425282 3.454726510064514
v 3.292866555265784 6.703503984304488 6.703504119744177
v 14.0895868056716 3.265130993091534 3.265130571075606
v 14.08973271448628 6.735325383908347 6.734676314580193
v 9.78024169079147 3.252599133483336 6.747402492105266
v 7.703089519669364 6.746493080382248 3.25350709488457
v 3.29444027996964 3.296122407204001 6.704411650035555
v 3.197000948035992 6.108494145652263 3.156745160969658
v 10.74012245560857 6.995499484828359 3.00499406794614
v 3.567952953409967 3.083198701083758 3.638197588658701
v 17.03857469416037 3.628205681870178 2.961779530282486
v 6.743640689394342 3.004733256770775 6.993981992031073
v 13.63140299085799 6.304610781911825 2.950879266413849
v 17.02876201920545 7.047001591520777 6.351537591500459
v 13.22694115401831 3.049677325346029 6.951286733829993
v 11.31671542082682 2.834157280360967 2.833799591515135
v 11.3167485058368 7.16635395563034 7.165956784917282
v 6.229051065721654 2.796898593737453 2.796898593735752
v 6.079191801893856 7.186853463707696 6.718138544273476
v 5.291701484674711 7.420594675712348 4.031003983489647
v 17.38608938887672 2.613657265672342 7.384706031172403
v 5.038613541047559 4.986904190700989 7.501567362402383
v 12.47986218555049 7.49059787264439 4.899534011964178
v 5.749465896971072 5.317350899076072 2.487831190563331
v 11.55619090860461 2.438530817450624 5.250897363579945
v 11.55555638274482 4.749419532248407 7.561604323401133
v 2.413684314287563 4.99900317995329 5.18863237580285
v 5.418739450437134 2.385380750735485 5.051859506673854
v 17.27061419504017 5.01442991897407 7.636246210655908
v 17.24787217462057 2.352492235196324 4.994182710254591
v 14.84067701618349 7.646190083950147 4.671672531500513
v 10.23078904073804 4.829869090077682 2.298097005464475
v 10.17792915672349 7.720628551204941 5.142509811312007
v 7.344428883475515 5.121342625287916 7.734270586926661
v 17.70522207532858 5.268999565602908 5.022437346024065
v 14.62156359689525 2.281792216854741 5.282463999492588
v 14.62212164625793 4.718321221971546 7.718187105361827
v 8.21471809629848 2.241364846945847 5.397214436371744
v 15.37228415504392 5.010878752124868 2.217777884754759
v 2.353944473740427 7.667271700593014 4.742614181658816
v 14.17510787145806 5.327239591537337 4.94044754732249
v 2.249563423391971 4.272382269856906 2.237817682964448
v 9.780241656008778 5.540946596521578 4.459055028398582
v 7.703110136216226 4.459609939253293 5.540390236695901
v 2.218318290004399 4.99960028725358 7.769289766001271
v 7.557177012182128 7.814692088509309 5.190214262147697
v 15.21099335694209 2.170887255525241 7.419892064834661
v 12.61381149145639 4.500399248600325 2.174243838411962
v 15.09975817290209 7.861844675895416 2.517758908152123
v 15.62523458262962 2.15689153745052 2.164246511605194
v 2.242458491945811 7.844679188447517 2.157994252660929
v 15.62766036863167 7.836680505323018 7.837058583323119
v 9.04997799856319 7.921241174015588 2.084145805404879
v 17.84362821987812 5.442292441590609 2.11139465976272
v 4.986544891929953 2.110405597141131 7.890543891699104
v 11.3904890207939 2.190803624023534 7.805559525558552
v 7.836285679920314 4.899655636618942 2.151868686954443
v 9.3206499447455 2.17602550248109 2.179522363648
v 9.098707574183564 7.877346461017426 7.876284631916534
v 2.372968157497961 2.117171229408453 2.117171229408452
v 9.469965565128152 5.056533902805151 7.874090667831767
v 17.85607720669377 7.881859106425965 4.534549353158771
v 4.359224808822826 7.456197204758626 2.094166582700918
v 8.541219018890482 2.041706163760306 7.948758978784543
v 12.47062652594767 7.911257387750191 2.095937282402898
v 17.86630290136878 7.875890533375935 2.361300812616436
v 2.092321273510085 2.454820105865827 5.102902864393393
v 4.512795928298575 7.907568250174096 7.907568243553297
v 9.870099809838752 2.030663633806485 4.152511333765813
v 4.50654754359757 8.007964529403834 5.781317416651217
v 4.595899593905353 3.712909704075715 1.997381507406152
v 6.642704110933434 7.980691004829235 1.98064387532632
v 7.164071542392781 8.077012955091558 8.080072805803542
v 17.9822771198542 1.998389550828956 2.133662763799474
v 7.860711211756722 1.925418950204253 3.482391006951353
v 13.7029077282435 1.908839592807996 1.911777818942589
v 4.023039979418447 6.220820639664631 4.94015897293132
v 17.96490285116949 7.95394877636202 7.95898355016941
v 13.70714011810733 8.088063583712508 8.091084388256053
v 2.51063786618817 8.01080486011775 8.01080484957285
v 1.987566416758881 2.04607657112567 7.68823398172376
v 12.76241127344549 6.205468880785465 8.075698881810638
v 12.7622028318892 1.924129784245064 3.79442496965083
v 15.9442714682059 4.794451263427101 4.05726065173145
v 6.914101315055282 4.335484974951688 3.767214670928503
v 13.15058297766196 3.502562566969662 4.946953802280863
v 10.55156261836771 5.682253390862524 6.213916908440956
v 13.14836101818388 5.074253051996004 6.541800631908331
v 10.58203926132698 3.804240222384446 4.316543036595211
v 18.30900689173162 4.071041196733188 8.307314418930037
v 4.56456498652178 1.85854127662313 2.52932249150516
v 18.13557317811498 3.697702678279452 6.009416049440111
v 16.09473046315087 3.682896028291226 8.195864926647513
v 1.820995287246781 6.0512000812584 1.907671088249721
v 11.89055102036048 6.170808926893377 1.801311134007497
v 15.6893578644318 5.799059054317784 6.652768531491852
v 3.752212390239611 1.836993466073782 5.654412385251629
v 4.378324981318 4.750022901536139 3.598981570806729
v 13.6087144941656 1.781487182600914 8.215104841913883
v 7.076341883738685 6.059650631438164 4.853553437578196
v 8.859618370146862 8.181135781389813 3.915160461439944
v 7.305142923505654 1.772330521048244 1.771561656204138
v 15.79132401732345 2.676245072670209 3.920041135633267
v 12.68974395155739 8.230584767955039 6.567966095984277
v 4.228138505997359 3.767512790142124 5.202266341243299
v 9.100072300283891 6.138171791270902 1.743193191897455
v 4.11969791445286 5.505490051716844 1.718591397268074
v 6.690785380152279 1.74653711467361 8.251456762762162
v 13.49993534861732 8.225408657897514 3.573054695518784
v 16.22577462621908 6.49249021528405 1.698328419282376
v 1.791583112291231 3.825733478542285 3.942709210976372
v 3.776372453753055 6.000000000000274 8.287228739319874
v 4.121297380820912 3.641410374110038 8.262678933451195
v 15.73246823708668 8.256222574387122 6.099498036039574
v 16.48659955144942 8.289639839142417 3.510142666271494
v 5.7953556835043 6.396782910595924 8.294161094068382
v 10.06193552203071 1.717121110701419 5.893508140766285
v 18.28096740766354 6.211695673390052 3.641959859709421
v 1.738946753612362 7.581518649960556 6.437020874722634
v 8.33440536329731 3.765442520712984 8.29729793862467
v 16.84018439462359 6.613906897614326 8.288892749722475
v 18.26879417005244 3.775839464202034 4.237638019553717
v 18.31054002630231 1.722848230013906 6.215052818394368
v 5.056631007026589 3.414930029878374 6.71305115937867
v 11.49441345931642 5.446368725117633 3.353162936445397
v 3.631893940619813 4.999902335659488 6.452105359247879
v 3.702545710243556 8.203824020412302 3.661516923003198
v 18.28437715080524 3.679083115325027 1.725745872947969
v 1.71479971196801 6.171746502895303 4.08972285040308
v 14.80142791795186 6.362326436005485 8.288578472695688
v 10.76246437462141 8.231544786144905 1.729782727601308
v 13.05130473264358 1.735825982192339 5.815244011509593
v 8.904967621744214 8.290064957615636 6.191738073028439
v 1.693432346827396 3.762463745112322 6.188281478607392
v 13.05140746647736 4.186802780344992 8.26431562721644
v 5.854989127559297 3.690914377746671 8.317065310636751
v 14.68656321120911 3.521857817560452 1.660105464123257
v 11.68988566626515 8.330330850377408 3.594760214255192
v 15.80432456367583 6.245684790265632 4.986498662517589
v 18.29335790553042 8.254921741304665 6.193704276643878
v 8.41242735600062 6.351846630760823 8.310049602894312
v 10.15709970491208 6.581474151682412 8.304286694825263
v 6.693207206441769 1.637431848807215 5.942689212227756
v 10.49948176962884 3.589600061513131 8.27805705645592
v 6.933873204522465 6.302073130666244 1.711709810909644
v 18.29648591228366 1.705498512425474 3.797041076956168
v 6.775884068370964 8.282698379864676 3.697672003199028
v 16.04825065744717 1.650494368976211 6.009139761596503
v 11.24208732780308 3.885806639804962 6.11431025723213
v 3.569297854107122 1.464772857637505 1.460434816396957
v 12.00185833551208 8.300930069780303 8.275274427411464
v 18.24586017491887 6.385166611727618 7.348318705504213
v 9.036370469408569 3.782280820839966 1.661982884250408
v 6.439472834577002 5.558857887766655 6.355349751380298
v 14.44221300199021 1.658830698375435 3.707629553773092
v 12.00316331360689 1.717782945672459 1.71763532990303
v 13.07631939775999 4.740107485159968 3.788833817562745
v 6.470553304601375 4.028330237727773 1.660711564440536
v 9.370035342458143 4.213432727042371 5.419888628580496
v 1.674966125666854 1.688804857734157 3.625152285980366
v 16.43423171648953 8.116239891549677 1.598860263350265
v 11.17558273851166 6.4642998020612 4.649054804304752
v 1.682406372856035 5.888620248053866 6.430789647066116
v 1.618610426080925 6.570323447575171 7.980888187606567
v 6.931348689566704 2.845699247306037 4.518563659634807
v 12.15086603379428 6.29903216922422 6.015081403273431
v 8.286189860642981 5.277410841750751 3.774755157625995
v 14.39055408225254 3.226764064934765 8.390993997143562
v 14.76809182839539 3.809126579508741 4.669844981604024
v 3.531125377742027 1.637296992914566 7.276321396058353
v 2.468951439991058 3.475976586317336 8.394356345936849
v 6.001829766020722 8.36597182141709 5.182116424324971
v 4.821095030330695 6.176541893852178 6.381653555297334
v 8.630182617748597 6.708242147020617 4.612887205858569
v 14.58579991331005 6.326360122929858 1.603766939786867
v 4.301374786577158 1.627885883859913 4.127519905108838
v 3.132657417239272 8.422063224707518 6.558985888320779
v 16.46899012918337 1.632639261592477 8.379951234430496
v 10.32771155714996 8.446382339343153 6.970379152025536
v 5.473980063575094 3.611656030831791 3.984876925526396
v 16.72704918054002 4.396320524347723 1.564228870405773
v 7.767235540991969 3.194384993854148 2.479539465965245
v 18.38202385727225 6.67713643420069 5.50912569445731
v 14.1411071872427 8.444855779594059 5.89011039328952
v 14.30007675264547 3.995270144339111 6.203317119669391
v 16.79063479436233 1.623262211691213 3.179860682571807
v 6.159447350385708 1.599527366263883 3.863994677891315
v 11.2752020308331 3.843395028858092 1.591858010358024
v 9.977007698593138 1.519487334955314 7.477739534843972
v 15.0535017073172 6.02909755735548 3.60328978718888
v 6.218822215991572 3.70268274561505 5.659411061774589
v 5.13690411513252 1.582052781219654 6.396694932782665
v 7.653641661483402 7.407240126037845 6.723893901166506
v 15.92716657677085 5.252341482875866 8.45135083665948
v 8.216998867958718 3.538115368609123 6.72881742257204
v 1.558748585782886 8.404196656264226 3.526693757747251
v 12.23940457769016 6.835145917102447 3.480877034705185
v 1.529324589330263 1.509880309342475 6.257794101401997
v 5.602876966503762 6.851179345872013 2.631154894635071
v 11.47745401995473 8.484613670720076 5.596282074316748
v 3.162568829693263 6.756525945108758 1.500273827933899
v 13.90848601847301 8.407092064998347 1.599359609942988
v 10.1950609851834 8.497441819755986 3.163558772734667
v 13.96720613632226 4.897585097168881 1.508076140992243
v 11.26194250227973 1.521244236650715 3.671357208591058
v 11.65343146030924 1.45637815987022 6.456680808205885
v 9.323730896495448 6.410078344611684 3.255740909204811
v 5.766532266113347 1.997582419710983 1.520953620658565
v 5.886706127029969 6.002693225874358 3.867238716594138
v 18.49464307588085 1.553281856571533 7.779075896141403
v 18.45829272776541 5.176728098253526 6.385263930373598
v 16.84753492297232 2.851708939700063 1.511287720868044
v 5.422415529335875 8.45852710222634 2.853889234524
v 12.7981648784884 3.009073169080017 2.479193197524852
v 10.52172069985727 6.753822189129769 1.554501093154566
v 5.763870443256964 6.707400166497389 5.299717009115991
v 10.66932877481325 2.433254074482293 1.509172283636645
v 17.37258362159472 4.989857135726366 3.560914138265317
v 13.68450116533705 6.679409120277683 4.429628743079318
v 16.98398182695633 8.536532766774732 6.936943782628227
v 18.58404340225983 5.547202840624978 8.577635922174455
v 10.50539739759296 8.059548936954261 8.433791428347643
v 12.04023742400842 3.6303787312397 3.912086312782182
v 16.39687997656808 7.640250437588449 4.880342707119473
v 16.84431341122406 3.794653775544255 4.756807641700703
v 5.415263847519382 8.538601639795388 6.869207175580511
v 1.503534216536571 3.187184283938573 1.486926836804715
v 9.945014229991576 3.446717363927429 2.810503840810261
v 18.47042739002369 6.728421765289615 1.505363602194666
v 8.75055364207018 1.49251572662556 6.574524068956177
v 3.188249038497349 3.28415057844467 1.477966409120645
v 3.105138822702219 1.429278053529482 3.237040757377644
v 5.453308750657374 8.591391075496604 1.404373297486095
v 2.90587641172242 4.799803271841999 3.799761663080951
v 14.35005203361853 1.426404760061155 6.465817660502966
v 15.55861514534323 3.680887617758474 2.851511997630248
v 10.00576678024234 7.084621502768154 6.473294891030022
v 7.937242836607283 8.57125894791548 2.820045085245822
v 12.54763174900854 2.796306896348968 8.559895466782441
v 18.60687169448955 4.475279027524499 2.929496411944348
v 14.48904135193921 4.6852818775118 3.357417366173754
v 11.41087791659056 5.843942751672128 8.536837205057438
v 8.788721116562472 4.880328968039519 6.588409579583254
v 3.396662658552409 8.528737057193707 1.471262942806301
v 6.801771348857205 8.553328178916415 6.395413984488667
v 1.457076428843977 5.040286045558529 3.19857556184225
v 3.41777336275062 8.624270862719232 5.029793330739215
v 16.8993702678343 5.102756254310467 6.227687371550582
v 16.7267215553052 8.59571858579819 8.557800249918179
v 16.20088020988393 1.390584161789219 4.55058147482664
v 2.661863483208528 6.415664741841467 5.422094326971457
v 16.17472359508093 2.9413627179657 6.657834067691221
v 18.59350706402179 8.65919851949717 3.559670595237539
v 13.2048847122659 6.751195786525581 1.64409598035167
v 18.45523892275559 3.042868043083912 3.009170312890154
v 16.62641666508272 1.393727623365051 1.386116806037986
v 5.697909896235671 8.598501733278901 8.547788446175877
v 7.117049377340691 3.069954558238214 8.629128037708494
v 5.353827098360492 6.1757263887724 1.401900038824016
v 4.634729297220037 6.097081941764698 3.166571611960441
v 7.110183500678616 6.539168828390363 7.731967705252728
v 2.943383298596664 1.435474785619932 8.57504291195317
v 12.28581305056257 1.395652571333468 8.578115824875477
v 4.760712306927927 8.66063938013067 4.52296330598946
v 1.457691443815305 2.904618664721682 2.893578012311617
v 6.264725157975699 4.352088582761975 7.111456812735624
v 2.833296874499077 3.661631565625747 4.907802860345346
v 7.32387032103013 1.380081437836299 4.687822385136121
v 6.191937508032018 5.05420502780134 8.574190227854196
v 1.368267201281005 3.869171390095355 7.574398392525364
v 1.35576025951445 1.347565522842969 1.419335574388156
v 9.774135337461297 2.389303985987111 8.608295845801818
v 10.48334660289405 1.420386449881548 2.487566239520266
v 11.89438829272975 3.404042854149179 7.275757943551575
v 8.5678680733384 1.341607893437592 1.341824737257028
v 1.323994398525423 6.862407965298921 5.28903461691777
v 18.70855723389236 3.016554707405635 7.103874977046162
v 3.296386931285276 4.721575257419329 8.631830371945403
v 17.12239675848664 1.332216249277227 6.862866945777696
v 2.367758299857751 7.216175435624377 3.410252226383194
v 7.859466521643665 7.397217965173139 1.409055488421559
v 10.29875111988053 3.03351173752324 5.458454887262031
v 13.74694877784702 5.357886120212463 8.614038007941215
v 13.32394381286108 3.627671380661567 1.331742480071673
v 17.2637939245215 6.554945611649468 4.666684307486845
v 14.65050767587689 8.6151737190797 7.190347680312419
v 2.876858211993004 1.363558614108832 4.638902168255583
v 7.00178444283714 5.547834556959876 3.07126746895995
v 10.69592299419974 1.357014814391289 8.66641086523723
v 7.476854322819207 1.736515956628899 7.095791858696595
v 18.59900442115841 8.63413244738237 1.351657359615837
v 17.11360216402534 8.634628496739715 5.549785556799713
v 8.623156694577197 5.459501807335077 5.231283832029378
v 1.332275378812953 8.602644159276847 8.61702229127812
v 15.88938646089641 2.857853877934493 5.297300726021059
v 17.30464555451763 3.175484227713218 8.652680404279169
v 9.089282572063272 1.321082034736981 3.249322537523184
v 1.377022247038533 8.647069283267914 1.330385431228416
v 18.65192122167229 6.946237810045145 8.651748507648255
v 10.31190171236458 4.517336335346919 6.919053432496047
v 15.2609782797411 6.959223827501889 6.037223868872797
v 18.6422110621946 2.649175601914531 5.168816334503401
v 3.583620065319628 4.503296803368747 2.499420330998787
v 11.75628086774653 3.979651465094909 8.686699754473707
v 1.391889932295479 1.268187009451401 8.67763601497473
v 2.801559370793438 5.217696338143953 1.379240037221922
v 14.93860768924757 1.327189159797382 8.565085897526897
v 3.512824448728623 7.304704725006824 8.635148119103135
v 13.24143689930199 8.64004812473441 4.862947393214907
v 5.214554787494897 4.757822787804957 1.350184527927435
v 9.060570411244566 1.257984928977934 4.947647853941238
v 4.933268605179371 4.669152396582344 6.171229403881589
v 16.04281539666647 4.575621217503392 7.157943567729495
v 15.0729270258404 3.520467023520898 7.229865841875514
v 1.371138648031363 4.864707149259412 1.334197278639963
v 8.41532036397514 5.055206302533231 8.744661700394392
v 14.45803914202937 5.34863428050741 6.275058181514294
v 18.64405913246092 2.719327977044884 8.570797646956956
v 6.299968188692405 1.276208079937742 2.547224164736454
v 10.95707296866608 5.337191871028039 1.263214391099208
v 16.57434009610645 5.51798111678155 2.565355176334258
v 7.607482988532448 8.73951610391878 1.38112201631387
v 10.98258293381192 2.634464767957049 6.584479762429069
v 18.7404196787589 5.048003192988319 4.171093801118404
v 11.17304858322303 4.170890658614832 3.018989481104046
v 12.77694493062716 1.784122319468092 7.143148871278802
v 12.59749291322609 3.91136117229287 6.115180309866732
v 12.19187895399686 1.307331373795203 4.858404525579769
v 8.115181516994824 8.560488298709384 7.252798834783868
v 8.275662739812846 8.712226729830709 8.627636590023945
v 14.8468981215976 8.72978142249794 8.561709896114394
v 13.45241111722425 6.202518444260929 5.670821316194999
v 17.16860995060238 3.866681195973622 6.934754422014954
v 9.14323801024246 2.987287136801838 4.764857563699863
v 9.74099056536663 4.569929856684223 3.525951208598325
v 13.56891739210332 1.283553312333607 4.659187316661956
v 10.50737922683507 4.863481694148075 8.706498245675105
v 7.26083718986246 3.014810757969593 1.237786902660321
v 18.7579199422862 2.560862627354424 1.247381401918258
v 13.67324104246793 6.921258216943157 8.753459579483618
v 3.578240968779987 8.660667140203294 8.547865610627994
v 10.8537222258395 1.247049718030443 4.918802095320231
v 1.257834984372687 4.665889004099437 8.664543661099335
v 10.60962850992468 4.803231205716793 5.206545570624164
v 15.2201830774217 8.685896739356535 1.457123008971082
v 12.79639673834057 6.96371365041624 6.976861844010963
v 12.47187817697543 6.147410984396766 4.601603881270053
v 1.345751787553569 8.66266388831182 4.913934059290479
v 5.671424511272424 4.008302453031988 2.727556777433038
v 8.460453013382722 8.782624603973117 5.035678394180087
v 11.19042349486036 7.206188476702855 5.83985674312175
v 17.35124174956814 6.647558789557263 2.394357965989433
v 9.898804356987618 1.368545379595142 1.291631785687633
v 2.686773615255051 2.154978176284255 6.386647816083932
v 4.797486538780739 4.668474282418717 8.770660560068652
v 10.68308073773738 8.69122154496221 4.385863452670525
v 15.12533724980731 8.64363222208265 3.702444322763259
v 14.43841323159336 7.221229568807927 3.477404317567056
v 3.930250915752983 2.368037610703955 8.715956911508579
v 11.45288224217046 7.163322732487226 8.687064248593206
v 3.698311094722342 4.935564924619587 4.857048080678779
v 1.226036202245196 7.384964997569264 1.519897521834101
v 18.69753876900702 4.863497532460021 1.258159448353853
v 15.52456845267137 2.561161946930745 8.666625275205003
v 2.517945388149517 5.904149529554655 8.6893798650465
v 1.266451548463693 4.330992748109082 5.059814775130624
v 11.62747298074364 7.359084004349617 1.238794433733064
v 15.3272531680264 7.378405364225789 1.310710065058184
v 6.555582470875403 7.087030363837326 4.210097645366692
v 1.251793489987671 2.680086033195311 6.797167731488045
v 11.85130484441608 5.051927312804348 6.314366920229739
v 12.78188248466577 5.394042466166086 1.222234738190941
v 1.297942000107611 1.343024164928475 4.907223832044177
v 14.84008744566921 1.450254994390381 1.270221298064763
v 4.701198122639136 6.641161291890156 7.606312830784795
v 12.198071138916 2.951733598996383 1.312378820095869
v 18.01787161439854 1.288987631216293 5.01075796230212
v 8.755564293866845 4.985342610747701 1.219220255819346
v 5.17902649410226 2.410987970809297 3.547656036921461
v 4.479932265157083 2.510401789049995 1.297653818115412
v 9.706642573216593 6.513561804005922 5.333168780564795
v 8.992421994444856 5.223598082078768 2.673725970715284
v 18.75431458961613 8.73740807792426 8.726490628138453
v 11.6006571249815 8.723020372013439 7.102556538602141
v 10.60265893152422 5.640252818544104 7.517440242064921
v 16.9334777328235 4.491387921519722 8.782647563188444
v 9.89039279544662 7.38178579336442 3.916147010632601
v 15.3478013234374 8.811222217920104 4.979904864934078
v 18.68120030791436 1.235671531220637 1.300248196325459
v 17.39060026989688 2.638768812995429 3.731823826001402
v 7.41893517537197 3.207478775942272 5.754958507062248
v 3.917717901607762 6.93526834593378 3.857397070129606
v 7.46708837033915 6.300635378421438 6.069052238750279
v 17.64406419827399 1.942455150053407 8.807411871860124
v 3.005610268870241 8.7628098250839 2.701185283686301
v 5.813543161396602 1.194613007845689 7.449758872300986
v 18.75242952648464 8.748328692961941 5.032626773251685
v 14.38634823301731 2.720708629347365 6.477749912662329
v 3.32049826772016 7.502397134246971 5.667854464633301
v 11.8177594494451 5.973324461279881 7.222330452943887
v 1.230524585200269 7.375381585206762 2.813828240149269
v 1.232951559505508 3.376292632107694 8.762705573129903
v 8.865749000070524 8.808538017267413 1.187302884881305
v 9.312785001663219 1.194468414286691 8.52669421100219
v 4.917670339199202 1.200301433580926 5.180833139555712
v 18.67405750486757 8.809257309947554 7.297904579364485
v 7.32979350414568 5.848920580135387 8.799755986770943
v 1.302320846050564 7.770134106098995 7.634304148432331
v 5.802701404589854 2.498682694475328 8.815703005485446
v 13.74944861414529 2.523544497266868 4.363385533373343
v 7.278010779491727 4.339562497533814 8.752863668676078
v 8.513955039586822 2.65218523230019 1.270996239155743
v 5.53921093096906 3.236028733665458 1.267831376112172
v 6.399553747096948 5.236993256652314 1.235069589162508
v 2.365514889206661 4.806178380510118 6.510111193806431
v 15.15159731757084 4.297542777441541 8.804764527769283
v 18.74078722513506 7.38414639602009 3.22789658310584
v 10.05728860467053 8.823426803875888 5.778682005759283
v 16.97078768724005 5.590426088926337 1.196779010695932
v 16.14372809385404 6.833177276455958 7.243854621137294
v 12.47540940573119 5.192602123899967 8.793326636092935
v 1.286870659958928 5.589382277164598 5.257339480730099
v 4.834290977981553 7.059835095741586 8.800920295307849
v 3.50783973799258 2.565158905080014 2.47774142794801
v 12.82027164010054 1.253492346785561 2.652479648031622
v 13.68079631256425 7.550429649552067 2.510864778824764
v 12.22543937799153 2.58369327927008 6.321977128800897
v 15.75409829663708 7.028043812449029 8.816805939249221
v 9.251047502834364 6.700591376732025 7.421082725228011
v 5.446253480367411 1.207193451983159 8.682055313418699
v 10.13100862642751 4.218838801249927 1.189693223582439
v 2.384415536778867 2.705349539873271 3.89419270519647
v 15.39338736664126 5.06015474968177 5.167720231410433
v 9.458524243012368 4.139030065281662 8.748805209162132
v 13.11862494586049 4.721712676912198 5.291772644304102
v 7.955891972170074 3.576062358425778 4.668082830798565
v 15.46443032049058 1.201356718784893 3.038085678226691
v 12.57676043993366 5.640634315866571 2.724559614545425
v 13.35277186661805 7.456541220252174 5.816348040927461
v 13.86297468382326 5.678721171382661 7.394625343485958
v 3.803208771955891 4.368880302822578 1.260061847315076
v 18.86095950386454 6.062043313783577 2.530312588499945
v 1.993847771027657 8.653898756953339 7.054152631871898
v 7.827145851678059 1.241472577809554 8.754442075375433
v 11.16811006045829 2.711377640585086 4.081216111014901
v 3.229266609852308 4.321501092622129 7.436960918279548
v 2.346668377211266 8.832697198966216 5.662192917287268
v 15.65904307113338 7.370705376738455 3.753561365282947
v 18.78396531813548 7.507967880728249 7.096489898802945
v 18.78175560174751 4.550801925424367 5.334067535367799
v 7.514340779839561 7.095253637346445 8.787889660283918
v 6.281764140609286 7.476987705066127 8.80587787183632
v 4.236143425188975 2.461888663690771 6.635634955160269
v 11.88455716967537 8.773464682273147 1.276665945236712
v 4.184292340599675 1.204937361630799 8.275299154413307
v 15.92418683098133 8.810669581474272 2.514057855141569
v 17.50291415421638 7.357135808498125 3.447672197610995
v 4.25800155716265 8.792073298057733 2.442813350736719
v 17.37955860401556 7.32989173511293 1.339406553866904
v 18.69560541693687 1.153923979024029 2.737373561368282
v 5.857164363756663 2.591532675284027 6.208763810561342
v 15.18503865753763 1.165814109107558 5.244755499036503
v 16.26741064725313 7.429031413834792 2.630002049132627
v 15.91780581499357 1.173656384954667 7.157422487700291
v 1.30931067940829 7.349193845834498 4.141719846079258
v 15.8591206373403 3.562069898865713 1.23268907809697
v 5.816514861116831 7.366764769605785 1.196097533207039
v 1.116911432526601 5.031324287370271 7.159569991173005
v 3.307958042440943 2.527411740370211 4.720092467360101
v 4.808866093795816 1.149692725409115 1.492648327977952
v 4.210717544887309 8.774664205020898 7.068869477558813
v 10.82405206437937 5.918827428344009 2.388760188614554
v 18.79682066877701 4.263182507403456 7.170881152573219
v 17.30180711550981 2.787906181886283 6.15701881454789
v 5.616097275484494 4.80602323959738 3.677253134951816
v 15.3328277135254 6.618525160081786 2.549024603525375
v 12.61943386495822 8.83704565207707 2.925942727881959
v 13.76477896807246 4.175931164786803 2.492831120287107
v 15.11398835543856 4.539943631742899 1.104496275290316
v 2.63450389626481 8.668686333474763 4.074757196032799
v 18.82190157419901 7.111151534587773 4.434430817722112
v 10.96788294742289 2.620145579016514 8.884470101230907
v 17.43250962537204 8.841959138772786 1.716609469382537
v 9.106507731335093 2.552003321009782 3.335214886387016
v 2.989022898275315 5.897782045473307 4.352893692277582
v 1.182747381689887 7.385956940192776 8.80785094203388
v 9.199285617154445 7.129687443634515 8.8482676305238
v 11.4581063957615 8.878094366915036 2.515305170903749
v 7.635234257266787 5.500000004315184 1.097552304144369
v 7.326083399574806 3.898407370132268 7.605933515752453
v 3.209467908911537 2.710421656517635 7.781395530667468
v 7.909690147996566 4.06953880971289 1.235908649615497
v 11.92598122955994 3.603588715634866 5.134345283708602
v 7.597672020218748 5.172242275028119 6.534262078663991
v 3.314778057501454 7.210455088992198 2.630045063326726
v 1.081962754046568 4.00151820317057 2.49532303554406
v 9.525741586762301 8.83658746953291 8.568497589226745
v 17.379727134459 5.631763439417177 8.782737581420294
v 4.458888862822383 2.837063673625441 4.441092341691027
v 6.77526807131789 4.873347386872577 4.857814663093975
v 14.27018313936956 8.78159105422675 2.746197979470735
v 2.819662332234821 6.711112213509653 7.826923913790466
v 11.29842131663234 7.676813712751413 4.664903224436613
v 13.00224285185466 1.151889870539093 1.159283986507356
v 1.110247520087146 3.147651225717908 5.310969380825834
v 9.404786680741847 7.177848496374136 1.187385828939507
v 8.000159718968233 6.101073987568799 2.2645022580278
v 17.09391452529031 6.089500832144107 7.097396962230788
v 9.372791528277885 5.810767750662136 8.822361633001876
v 1.787245879248465 1.132145287177166 2.542619807770346
v 2.648151558453775 3.322465614780879 2.88161904789797
v 9.182211821371887 3.060798726227825 7.787165351237988
v 5.694929674815695 7.673607039360714 7.761636376946617
v 13.65217021970502 4.195191047647307 7.209855901382699
v 8.106730189476577 1.124177140228383 2.490660740906216
v 2.225027210804291 2.374159380099787 8.826905621363956
v 12.8735657295376 8.842782680825577 7.610485181537335
v 17.48693640256494 8.844333927407844 3.034324431658214
v 4.245257171214843 7.443210591129355 6.820923815747131
v 1.131389994362128 8.63689366133192 6.146995745809123
v 14.54384445495781 2.303053782103365 2.687971178306496
v 14.62045421306329 6.431836624712396 5.156015052839168
v 5.134444021564516 1.192409556753775 3.364446284436779
v 7.817242188670249 1.199732377846746 5.864323938017849
v 6.392056599345681 8.908346949468164 7.555692587920597
v 4.329200386063585 6.779013488158824 1.185363988273168
v 4.555413410186052 3.62369787269467 3.201019466561131
v 15.84041560130817 8.841198499019292 7.194668087303233
v 3.12879155925622 5.656883139653033 7.329439348579617
v 14.69206668446607 7.533966731288873 8.551904935415775
v 4.907553404579851 5.861175634495185 8.909728342799134
v 10.4151675878083 5.956188910555174 3.52219668185037
v 17.14092232314977 8.836529202792184 4.361867043508604
v 15.5072102115231 5.676002793734632 1.180586207538306
v 7.769294326104935 7.679123681400342 4.012533636156792
v 1.18038228608015 6.177543420968798 2.91859046421627
v 6.103103810642176 1.199371356097036 4.993980463571949
v 9.246747004800142 2.597692890914589 5.895098121452127
v 12.99704841385357 8.770011332449709 8.837822741601755
v 1.157122507077553 5.880548342173525 8.905450610264904
v 2.349526383223445 7.113042116840591 8.854267466464435
v 4.830194381621349 5.621835286902144 4.286733881820446
v 11.09451906267404 1.083460175871389 7.450777088650303
v 7.038874767563424 8.815718500631336 4.751276654400599
v 5.675548340684956 5.951338276753765 7.189402705484764
v 16.81345917471492 7.690230578116831 7.765986741098847
v 2.405690671177681 1.163835780015735 6.995878469785925
v 8.527903051934345 7.290361980573926 5.653210028926788
v 8.335435147225327 5.740813101055859 7.28467389699868
v 15.17556940525576 2.587266591631797 1.089724051215235
v 6.977527806417042 8.91837207834364 8.914608490772554
v 9.261370928378364 8.890453338116613 7.267997542226863
v 12.08261286218351 8.814288288821102 4.617117991973208
v 16.57307360467895 4.903913205600261 5.098598922749141
v 12.68913069487913 2.389137605420596 4.888071607003232
v 13.76554772962166 7.86513082607554 6.92318783047501
v 9.108359312048577 8.910224211069375 2.795155587631609
v 1.260096208954252 2.600097570147701 4.266288700979081
v 16.92810305753008 1.088481927295832 5.440937280204738
v 12.74367367547433 7.393214290770631 8.083159906007728
v 18.86779371279729 1.133038265018738 8.867793712797292
v 2.547967016779222 1.155247276075033 5.760856317346702
v 2.247667676119243 3.146372772301826 7.241490025010823
v 11.08234739442513 1.141383323542995 1.185107765740586
v 11.53364430428672 4.98278978714013 2.235411887504686
v 12.67990595590947 5.11299332117545 7.627988344556774
v 2.30209826638482 3.961620443880346 1.104523704969105
v 6.722088995266813 7.346688153543621 2.976239991305755
v 2.461085749850143 8.782548591596786 8.898303436564628
v 16.77294728562162 6.128116621391338 5.653538170849361
v 9.534365917116965 8.906395870901362 4.559006578122453
v 9.583748013688975 5.699614302907995 6.890264560295873
v 14.31445343331192 5.461684934703932 2.485331245272766
v 8.68032639412006 7.381135294933345 3.066225435535904
v 11.65268232632765 1.082073706100994 2.648068270282764
v 9.806937656116071 5.493817448828231 1.052671749066463
v 2.442698965525255 5.364868484883083 2.638040150980327
v 10.32169777353596 2.639918147109059 7.595651927278463
v 2.544527141546408 1.080654738713235 1.080654738713238
v 17.26192117543861 1.107424036536743 4.127049641904563
v 6.745824407799315 7.172783497033988 5.749407521483177
v 14.50272139426665 1.17405104826113 2.362179961833103
v 4.093480263777542 7.713278181006816 4.720931367672347
v 7.864241021388653 4.193384940835432 3.090584219860921
v 17.43053786954195 1.082070317981116 7.974117339538924
v 9.653689461800875 2.91380023010341 1.169681872345021
v 7.679887621332316 3.07383844655977 3.643776892519953
v 5.764053559591054 8.870275747681763 3.917411789297678
v 4.098172672435825 1.039958136783572 6.441753516223924
v 1.689012790024584 8.838311123352435 2.44481977525
v 13.89488696503728 5.577228992147295 3.830691324656239
v 7.766268781200051 2.815376161441658 7.532897320541608
v 12.29727143033839 4.13991464646123 1.108304236804978
v 18.91314561808176 5.700065244730928 5.132232554632454
v 9.758928748815855 7.038676198551981 2.372485785445925
v 16.3659216808054 2.675373806467593 2.903381009325053
v 7.881141675561603 8.833238302920574 6.048414804928719
v 16.28505396092802 2.612046766316419 7.772199976925146
v 4.720477623594824 4.766680196253335 2.483307038714702
v 1.13102264937025 1.257645499265383 7.369054434914353
v 10.71618271046137 4.931991363432855 4.052622656217203
v 17.28801968373557 7.554341886876551 8.831887378636523
v 1.079489095444177 6.754244845764093 6.951553051926599
v 10.28491342051806 2.377118095104814 3.121050199640592
v 8.677008531843853 4.477448057479377 4.523562092051469
v 13.00456883317024 3.048434264681426 3.622902098541451
v 4.633023026297693 8.45678111007166 8.9749753704147
v 8.690209123957246 2.786575633602455 8.851423528947807
v 14.02339284894836 2.719859074540302 1.1451608909496
v 16.6900308980612 5.664846107406409 4.204230675659216
v 14.30422731103965 8.909227633422502 4.479687414820247
v 6.812827154348205 3.797718565952861 2.744610125632765
v 8.074752347261922 7.33812671823764 7.802146135818801
v 18.91641806248997 8.396964488661796 2.459295780727071
v 17.54014477576501 2.034405930184068 1.058535204025918
v 14.91072163779096 7.50662436168967 6.992871660692786
v 13.43160002138347 2.825150648155107 5.837971067531132
v 4.305667597707357 4.229584132103421 7.033205570346664
v 8.331245108796944 1.05665418542451 4.077260340452648
v 3.092421241508429 4.125493495403533 5.930328724251577
v 1.047684062606096 5.935940437227497 1.062174062540417
v 14.85483528400645 5.403408853106763 8.92311735779817
v 7.896189845287347 8.83679259078706 3.954703885509649
v 5.20701843053688 2.77675543307791 2.269003578697764
v 14.81182359404717 1.058304336075122 7.453440256060492
v 11.75376067191929 7.094749765238265 2.471665153115123
v 6.531235985461135 8.595153253853248 1.0227257545819
v 14.01126146601012 4.186761773421852 8.896571143432151
v 18.84793111865854 5.386774987423434 7.458514961602233
v 7.178104973318155 4.06312181063756 6.480255375656981
v 16.24303115535907 3.721591332929961 3.782767784399427
v 5.717980097894596 2.901183359137249 7.496706867695952
v 10.17573713899078 1.1063170320482 3.546643146828913
v 9.2314165022214 4.095568071414682 7.29679208302346
v 10.10971873169255 8.957490496088674 1.063766794468304
v 10.11025473522697 7.443973337668622 7.554287935452329
v 6.817880823385758 8.888206583106188 2.697672926323958
v 1.025235106675419 5.106104337592866 4.254962014977741
v 5.213174560264573 8.903191373749761 5.8072929521897
v 8.543438769130088 3.458413455782085 5.638729408668348
v 4.979332923121481 3.280636654656147 8.921638140404646
v 9.563473817912879 5.254296393012825 5.841241356725667
v 2.385631791819589 8.160292116696692 1.059001936696931
v 13.49431692433653 1.048024266824252 3.547318669047788
v 4.427059377499742 8.161824227884825 1.128554783895695
v 14.12386031346318 7.325659058553177 1.159472727412046
v 2.845904420382425 2.266528798824836 1.088267588394984
v 1.043597738503479 1.988139969711862 2.327265108429274
v 12.7363747918393 7.600677099956343 1.013479404809275
v 3.937694580976356 8.969651510306534 5.976947358018183
v 7.064398292238707 1.125503631270263 3.371382230653293
v 18.90702639115764 7.685903034184987 5.418399382993931
v 12.51818208236672 8.925944079367458 5.688513937456705
v 2.181524364356574 7.046867233376426 1.013783076286494
v 3.032329807719367 8.9347105523591 7.578627342766306
v 12.90247291012716 8.92757368292461 1.783636932040693
v 13.54813851897649 8.955126195401105 6.70835395451707
v 18.96833351505469 6.563261754181403 6.482267191787267
v 4.679887588344863 6.917597637605425 5.540252390889588
v 17.5858762725934 4.358492787655663 2.296578426172904
v 1.018978975523335 4.824511303709196 6.049580408954734
v 15.75118037140114 8.152830462853064 8.913790459743574
v 17.08359760635132 4.063852101898272 5.826583776698262
v 4.472820187319857 2.726833617488266 5.564306861033684
v 13.78943892253055 3.932813692429534 4.123096300761016
v 8.136034765679506 2.43564990077734 6.505357812588783
v 17.2844061476667 1.093607724209162 2.283357222885013
v 8.278579965649564 6.423262718924119 1.025275986441911
v 4.616723940739982 7.744423303935841 3.188170844507294
v 18.97812989473087 7.629529704054936 1.157846633345345
v 14.05459748679652 2.566925661140644 7.542707790770917
v 16.32379556917072 4.498132886910851 2.971450100674264
v 13.45410056341531 2.231432457648154 2.961243337438539
v 17.7575033905844 6.035210793282746 6.190309353892909
v 13.7075231447434 5.988749173542756 0.9869090665542362
v 8.564235866700567 2.125182618962161 4.335565569710622
v 4.079292452145769 6.536033424188215 2.423182050288915
v 10.89741946616224 8.9848343568106 8.982783863277948
v 10.80449076770887 8.982736390250906 7.858465577107815
v 2.854140623240931 1.049410719595789 2.214584153810694
v 2.565666128003305 3.138336140702263 5.862324151977469
v 3.778639252523409 4.025045439941775 4.208255557120659
v 6.453650221225916 1.063619583818791 1.412612599423276
v 8.273617376624287 1.029969015001563 7.499521172653275
v 17.67780234040616 7.543806270731377 5.586689581078032
v 4.703599369024479 5.52052141527995 5.484210495030454
v 17.69201175481115 8.963133614743057 8.976071888297792
v 1.051557079582511 2.318764591524447 8.318909790090752
v 8.377371629567186 4.699975176403746 7.686763348979901
v 4.237357520934964 5.706852293130107 7.209032235086513
v 19.00082980729387 1.62918147407851 5.365181498738898
v 12.19741039895291 2.152814775382943 2.862029733170967
v 3.484768651525037 7.912760203759456 7.48298193086509
v 5.318495989435545 3.916770868016715 5.042847370546929
v 13.6645638695119 1.089897116751569 7.311387853109798
v 17.71933868682775 4.36965022768223 1.059295575792607
v 8.212026225623168 2.203108382928384 2.247348998959291
v 10.79790884392203 3.553403503520878 7.18039643695821
v 3.551413446214958 5.967508547143088 5.913117468405978
v 10.09552378415818 9.003626971017388 2.17647876576104
v 12.60003106490759 6.791118052325952 9.004288723153358
v 18.61106522730772 2.735258545109812 4.063404615364909
v 4.45593492715837 9.004282370323612 3.513359556242124
v 14.35416832110131 2.231931235987989 8.96373548495565
v 1.001011341251669 2.314285138170095 1.1135055708809
v 9.069551524164801 4.119221376957926 2.716890524333476
v 3.85414294069761 0.9661893569262635 4.977137498357557
v 14.92609820617882 3.285944252190197 5.631028769546859
v 17.48890914524747 8.946877127798366 7.834026250676445
v 7.694109756283265 7.545395397004159 2.490956431525499
v 18.77661816339802 0.9739914710763824 6.881040501948442
v 18.08022781039183 5.775700402267075 1.071788603247809
v 5.540297762649524 7.629932696724624 5.862876334895551
v 9.264469052950815 1.055531373895274 2.173454166739553
v 13.86391040584346 3.018137938427551 2.195035376747348
v 4.73384386669075 0.9976848294492229 7.341917965577161
v 6.385831365720567 3.80196720280308 4.574331285057806
v 12.26600813993589 7.3946768480796 5.988204736847623
v 13.02604482726656 2.252536348199637 1.11312321708515
v 13.94352077075044 1.066216824842568 9.010982701302211
v 12.17340602734216 4.599438411387664 3.17702951675652
v 9.110755444813705 7.900361729802944 4.948137044455699
v 4.830347991813411 8.966858911713588 7.966373446653332
v 6.704211574246545 0.9998437873857039 6.837088678438048
v 15.65679085237656 1.053478096144862 1.937630742159624
v 15.26763516390483 5.603300754706469 7.647129769567964
v 17.73455442816189 7.545932352171087 6.861103442331343
v 2.216631216105879 6.716413414633238 6.911484033947457
v 9.733707767160485 3.262623454000543 3.8842968257977
v 15.21346391410171 1.90817096105036 4.442006373503563
v 9.34455582460424 2.290116455495824 7.028821690952588
v 18.9173489546044 1.068547612402609 4.431284786276291
v 14.73218269335762 2.898055426682319 4.068457113252681
v 3.224459381934386 7.009160234067481 4.698122377337838
v 17.75873170610225 3.100912442695465 0.9615179826112036
v 2.277493369848163 4.882205489035432 8.992846395962335
v 7.027533335524991 2.052925106509369 2.789073968132374
v 13.28077142702889 7.156988067707625 3.535254734922704
v 14.07264905706734 7.115895946269356 7.75701753018575
v 18.99139285950787 2.199734450856569 2.536854274084725
v 17.61332953514376 3.014536819647041 2.26892894575814
v 2.460602254858761 9.038247101399916 1.701001990461972
v 6.749619484977911 4.921906010239438 2.216763994574804
v 13.76527304979398 7.686221983893769 4.835516456771
v 8.717770775717854 7.509360531473835 6.925965786895325
v 11.34992695937727 5.790807451084397 5.484264229104925
v 11.94614259376791 3.682264532588761 2.431657933590399
v 12.77163809345359 0.9254243447420468 6.480109959875439
v 17.7594130107905 3.30539491546542 5.071210834760205
v 10.82957447474811 0.9553156622763365 5.962181847780865
v 19.03117564480588 2.538621101878625 6.180010334103651
v 15.0474346779162 4.567632729825676 6.735470534686241
v 6.340463826734706 2.005305551427577 6.97335022105105
v 16.54449450372134 2.50017156614866 9.021512240086224
v 16.16074589122875 8.984335622672692 1.015284234653377
v 1.063928790937144 5.346722045493262 2.245401363199716
v 13.38834079905618 5.764088249482562 2.029702569049182
v 17.63609097044125 0.9854820123830861 1.273307348999353
v 4.034914222255058 4.884615005135203 7.869456775102732
v 4.102232568276223 1.033125604475815 3.064094295425766
v 9.696686485578953 0.987136799093381 6.589581403769876
v 13.46647963128324 3.22873727718832 9.00048451081149
v 15.8038765827488 4.044457382520298 4.809229495216163
v 7.357164946210029 9.110021111395957 7.944016673985289
v 8.831844197078777 3.088615230096323 2.450903601691766
v 17.08871764246675 0.9797251055192874 9.018565125546202
v 12.1931010283335 1.019370656545994 3.828499600695154
v 14.93385656707509 5.155832459352677 4.20761787051652
v 10.94585958443381 9.058432324381995 6.325984170319868
v 1.052247196950382 8.835529252713965 7.583823015328923
v 15.36837708276686 2.462339671795305 6.147218055564893
v 3.374150693459879 3.268436007377863 8.955507214429176
v 0.9656303218934006 3.947977518874638 0.9630937574199191
v 18.95598256811155 4.620436342969744 8.954499423918373
v 16.28947368686705 7.337364156374385 0.9343093647553714
v 3.208485141310135 5.888225297213791 2.114982083378713
v 5.970993808449424 4.699622938550447 5.937294224090456
v 2.346979393278458 6.819389562286685 2.423066387393773
v 4.510486890861394 2.986744950019887 7.519627330118296
v 10.34103320166445 3.393408304219498 1.825564586081396
v 19.01664101102445 3.887131240729905 0.9833589889755533
v 12.52944660842816 7.802635275413836 3.151203255271773
v 10.1842247315816 3.934388503033571 6.041186117269032
v 14.40056192121779 7.444490079425425 5.650138246593226
v 7.848191332706297 6.174047329477478 4.134805881686534
v 19.03264804114495 9.027948281167093 6.038378485752453
v 17.77182849063343 0.9435253355068519 3.212461419190909
v 14.97809405568945 8.985057079308232 6.252497738360155
v 14.16494528600763 1.034795972118155 5.498984371940553
v 0.9912946957264884 2.120278979463611 5.569146125142663
v 8.560092968549894 6.982233008601908 2.086283896340683
v 3.875975051060586 5.653007665601653 3.829277091212424
v 15.28662338881425 0.9643508720802284 6.281044103866891
v 6.519612990786503 6.477767396446749 9.061929771367232
v 19.00816742884199 7.78653997300641 8.100817864190487
v 15.71896151463853 5.342360638931424 3.157510753365328
v 16.34851904851818 3.512711655787403 2.16882356743716
v 16.83099943959577 2.044486712820454 2.193841986590578
v 12.59787109001837 4.180545905455964 7.137225214980644
v 7.743461127415747 5.258358425064831 4.681322019106986
v 12.92806462979893 5.970194815025271 3.66507607860534
v 16.23766940031102 6.105229574414928 8.991984226807835
v 3.625585864428486 6.000000000006569 0.9268730869524275
v 6.118956436885684 2.78730750608383 3.846843969913631
v 6.677415184501796 1.991232769885203 0.9393807561969871
v 12.82081134135404 6.946575677618232 2.607338004631256
v 11.96891687930047 9.020000630347504 9.075097940011455
v 6.870690221481193 7.145595041420255 1.022687761356748
v 8.335821234235151 7.730261533937191 9.051564573420965
v 10.472394725286 5.870133845320801 9.014025907824982
v 15.87042449508944 0.9651735384580082 9.00063835887658
v 13.06428032738041 7.7360616381461 9.0258028321067
v 17.7169697914426 6.606404350638604 8.99984889998131
v 4.669303949139054 4.618616846972696 4.602139281395729
v 17.91716213732693 4.763934962672426 9.036808052440882
v 17.85569076502654 9.070900856729292 6.691831894242978
v 12.12143617440674 7.817240768540656 7.349702147314839
v 16.30710726027049 5.529305687147667 7.511506680412351
v 4.99515549005785 3.975842116887351 7.784461688491167
v 6.619733758419575 2.580790455707834 5.486237071620082
v 5.39944202398531 7.747251741186755 2.081610971589347
v 0.9747316069648319 7.843201527457382 5.467740756938838
v 6.203860525247657 5.75590246125784 5.351705286416178
v 15.23673476130306 4.074928801103169 3.769313207252483
v 6.369927574511073 2.822645411687347 1.75753507107284
v 4.022929792483381 5.326902644486461 9.083341532091158
v 15.03121785871289 6.472638413002677 7.112127727908179
v 2.25405386783798 6.003545318615103 0.9550874361535623
v 17.32462117549677 3.965692031493997 7.965635399382863
v 14.18227912324315 4.06048150064032 0.9178347688471733
v 19.03271278598702 3.603135785146547 4.944391198857438
v 16.178324630673 7.835933676051075 6.947502344597506
v 17.3800792295988 5.960874700741755 3.179325721602449
v 6.481247000701399 5.707120867651199 7.810018885641938
v 19.05399769169238 3.735126605131053 3.534052255859961
v 3.913533287264011 5.460884140514237 2.757342279383577
v 2.380478369178353 0.9296687795056942 3.816672431390115
v 10.98025983718428 7.971181272049154 2.718074147132449
v 7.800257306514712 2.279976289691819 8.64539845044413
v 18.94929665290675 7.374736878865524 2.191459491223272
v 9.785371047297357 5.876433077477132 2.486160816794494
v 11.31294321417218 6.402410263922889 0.9628394048788576
v 14.51449064139306 0.8702543555175891 4.501183093635214
v 12.86335045986984 8.975082441886853 3.936166310828307
v 0.9150691201433322 4.211095498250006 3.527270996174794
v 6.791381243692479 7.822173032039298 7.139547145027817
v 7.751260101428649 6.789945113756655 5.16881210688255
v 11.00221279134705 9.102195229853526 3.438815924376646
v 19.09699423030265 6.0 1.014359353944891
v 14.04804633724052 9.07563615884712 7.971829695453795
v 13.38624907900476 3.247632769160604 7.96178952280988
v 0.9331611129438556 5.776502086358292 7.881277221874599
v 3.557122326227235 7.598560237183982 1.032800289768747
v 4.99901412925986 6.600009190994975 4.601323783592406
v 11.14287483275475 8.032005266650954 6.47232814935408
v 10.0756014433789 7.821824104941619 1.028454137386229
v 9.948674548474145 0.8979702948527961 4.540996658863175
v 10.61640339112358 2.257564283195284 4.841680876075523
v 12.53000044956864 4.289436120547583 4.550873437191146
v 2.156853844051954 1.068618470813921 8.001469238762612
v 19.04458069203907 5.088756757291839 2.212524603945606
v 0.963231754524674 0.9605841421152277 3.962546694938444
v 10.16672019893418 6.504418377511398 4.400816806546429
v 14.08357583505282 4.338003769577997 5.246184946385943
v 12.91556435818986 3.889388663745906 3.01886642165415
v 10.85040265181461 7.732755946627099 3.728961353691855
v 12.14629858093932 1.054113099158139 7.583791553997291
v 4.762172443455099 3.884132521103408 0.9699628650345492
v 12.24060137465726 5.293636781884445 4.058402818514296
v 16.17185189169711 2.250471670787364 0.9589491771218627
v 2.825458026613331 3.768060493216243 3.875653959100551
v 12.50194462246888 6.364956693865933 0.9854657368027266
v 4.723917112013384 5.541048297459983 0.8762080400376857
v 9.859089547612397 4.508633197646082 4.55439375192491
v 4.161521014405463 3.59870946424216 6.223104999418219
v 2.057212443371784 5.204264866262838 4.236932195808043
v 13.43460229871666 5.079725006029691 2.877656611231957
v 5.931979042163493 9.07142199078068 2.1897515689392
v 2.581786994540324 7.678620738572843 7.031891591145136
v 16.23450117987271 7.012199517899335 5.687734388173231
v 3.981334392695586 2.189281464467151 3.31842363933314
v 17.72760852349677 0.8806242192407302 6.064869641195171
v 12.92142387572405 5.940761472221832 7.057824447397532
v 15.80445673607528 8.919984340245707 8.224043593674462
v 5.882276518791544 0.9990713461691652 5.9828383280812
v 17.3323850496631 4.008323755133279 3.874071769538352
v 16.07563682154035 4.858607433381866 0.9120875947038753
v 11.87117769185187 5.050994491481868 0.8819510407003441
v 19.05642218267495 8.102806521838485 4.291141049283401
v 11.23823592814881 6.40168241669268 6.48080087449169
v 4.886106668037519 2.03975800093377 8.912853580585708
v 18.26616041762865 7.856404238700772 8.938295897939103
v 8.645057373665123 1.784990961910606 9.013380480371726
v 19.13393810384186 6.000149839947089 4.174547670151494
v 10.66138446349942 1.669061693821047 6.726367666224841
v 11.49285768433623 4.925200238500266 8.98759876243518
v 7.288749166459371 0.9482126559504639 7.887613102893912
v 19.06506783410792 3.104770839497519 2.060536618006377
v 19.04967096156974 5.346447239299039 3.240089863611542
v 16.42551618963913 9.002918147571048 6.214636734397052
v 6.844932513655938 0.9214879964918491 8.863462716768774
v 19.06799924816119 2.052755286694218 7.086102047930551
v 7.157727957080772 5.410459849288451 5.641021145641217
v 14.78578530800512 4.197359572809501 2.422780113359434
v 10.19132344767889 7.294961431231345 9.036972706055185
v 5.08506690961681 7.794416594762741 4.961092184429247
v 9.927710350686496 3.288756305721606 9.07176741717971
v 19.1022791660468 3.55258921303963 6.322178773166358
v 19.09246285482622 3.576389376919641 7.870823321937942
v 16.07909222101384 9.031126363397417 4.199873509304525
v 11.4248065198013 3.171679244937963 8.15423189554498
v 5.322744620722368 1.017196382272379 2.37099043996487
v 11.3130904764897 6.431474907793654 3.636511333138882
v 11.92098863459416 6.750689299194308 7.877699601531377
v 13.58945563503737 2.094152419208828 6.606573066242543
v 18.98725813083377 3.593828212058903 8.98725813083377
v 13.1837814363208 5.416973751233092 4.546270638760134
v 8.333587337837315 9.075442893376103 2.021085235554126
v 11.45980326381302 4.320040812913677 4.391207453127889
v 15.84155222963488 6.328941321723961 8.078274654007298
v 15.41417799744928 0.9938446883733781 4.035893270021985
v 13.95960846169091 8.485707954521589 8.990400131572136
v 6.582860687229098 6.384965830471505 2.665917933428838
v 0.9033927711118056 3.613902795270359 4.4172392067166
v 16.90588005228504 3.655607140339214 0.8859054952196026
v 17.76834110528501 6.957236061998763 8.044032890669751
v 10.88022889150772 3.216640841976283 0.8892819482345411
v 6.756066276729581 5.506717520236238 4.059545107342776
v 12.65063490687447 5.613017915808872 5.450847406542381
v 11.52850566410796 2.249187267558748 0.9792984252719823
v 5.74773656690156 4.314355611017699 9.115554193013255
v 14.56095996978144 5.442196985767747 0.8849140729350264
v 3.527707090079081 3.104702531889327 5.5298200281948
v 4.094111291080529 6.450192616615574 9.143557371640826
v 6.753819608619652 6.427031576979244 6.78470181864198
v 6.254175692620428 6.337659261261578 0.9538627331360082
v 13.23550505751495 4.543215707024743 0.8951124775908139
v 19.04044912798076 6.259279100813388 7.990691688997589
v 16.91231529737665 8.203465425541202 2.492399469082757
v 2.691796537047796 5.7649755767796 6.417471555582821
v 15.18459092122074 5.851314048999938 5.771525411479798
v 15.16715067349608 6.710346525568053 4.347266955017504
v 18.0224803545342 9.07529696788485 5.659095324324396
v 18.06877310078046 3.184101809301837 7.874684212920075
v 5.556132638272106 1.942397676171379 2.729920230829245
v 2.185161006808012 6.17589677324608 3.190690860451361
v 13.95065560522128 1.01412554354242 1.497940215863109
v 2.232172064336133 9.113128317429688 3.256369057630195
v 6.501320763153511 9.131664160301911 5.619378499230662
v 10.76350270159998 3.998082605031439 9.166757359639684
v 7.377772807257609 8.024806647017629 9.150871600223255
v 0.9846730678901593 8.140726392130166 2.173340891628841
v 16.4689348127273 3.505060922016503 9.119716506814822
v 14.07268678233193 3.120874582925795 5.113278022609052
v 5.808154199842733 6.339221719293308 6.239615382445511
v 3.9774008272174 0.8771760662022029 0.8035352965258343
v 11.19483669788059 8.015759300813581 7.697688916444912
v 5.282929359073307 1.662111865890088 4.360846034574016
v 16.92024094520117 6.550926400168857 0.8917415043386582
v 12.31330326291735 2.549103263013505 7.610074627717448
v 3.664924354084091 3.526780446663391 2.737740544274907
v 11.88649742817138 2.201659702624688 9.073841683931493
v 6.375634067354345 3.500000000000211 9.15744032345394
v 11.52344310773222 1.256543801877573 9.156408767036929
v 12.04386358229216 0.8796121659512869 1.180164224420516
v 3.910701482127624 4.101347995856065 9.132841815765817
v 4.918272301658927 5.827335537779442 2.239489706465565
v 17.870303733026 4.587537555082079 6.950397732062166
v 10.49563515955103 6.587037976760243 7.196630651599839
v 0.8516257736482796 6.517313831621088 4.471643878474422
v 14.17797222061209 6.124543991569079 9.09961564234719
v 8.659957224220951 7.836063364739328 0.9493973624150925
v 14.34970641211057 6.802941352815437 2.456010263545927
v 16.66107020198735 2.883715566547662 4.376597560221361
v 10.38118314401374 5.779436793672468 5.225552017326541
v 0.8948943609325404 9.035137441307608 4.041260669253276
v 9.254784309269494 5.47424172586388 3.608091143469307
v 18.20403159762063 6.209687391236399 4.640953865818538
v 6.432341080539657 3.430625678018077 0.8574216796484121
v 3.751915730390843 6.951847796413768 7.556578486453127
f 17 1 254
f 1 18 254
f 2 9 255
f 36 2 255
f 26 3 256
f 3 35 256
f 27 4 257
f 4 44 257
f 9 10 169
f 9 169 255
f 10 11 221
f 169 10 221
f 11 12 161
f 11 161 221
f 12 13 222
f 161 12 222
f 13 14 158
f 13 158 222
f 14 15 226
f 158 14 226
f 15 16 168
f 15 168 226
f 16 17 236
f 168 16 236
f 236 17 254
f 18 19 170
f 18 170 254
f 19 20 173
f 170 19 173
f 20 21 163
f 20 163 173
f 21 22 232
f 163 21 232
f 22 23 159
f 22 159 232
f 23 24 218
f 159 23 218
f 24 25 165
f 24 165 218
f 25 26 239
f 165 25 239
f 239 26 256
f 28 27 237
f 237 27 257
f 29 28 166
f 166 28 237
f 30 29 219
f 29 166 219
f 31 30 160
f 160 30 219
f 32 31 245
f 31 160 245
f 33 32 164
f 164 32 245
f 34 33 253
f 33 164 253
f 35 34 171
f 171 34 253
f 35 171 256
f 37 36 238
f 238 36 255
f 38 37 167
f 167 37 238
f 39 38 220
f 38 167 220
f 40 39 157
f 157 39 220
f 41 40 224
f 40 157 224
f 42 41 162
f 162 41 224
f 43 42 225
f 42 162 225
f 44 43 172
f 172 43 225
f 44 172 257
f 157 220 249
f 224 157 248
f 248 157 249
f 222 158 223
f 223 158 252
f 158 226 252
f 159 218 235
f 232 159 234
f 234 159 235
f 160 208 210
f 208 160 244
f 160 210 245
f 160 219 244
f 161 199 221
f 199 161 243
f 161 222 243
f 162 224 247
f 225 162 246
f 246 162 247
f 173 163 174
f 174 163 175
f 175 163 232
f 164 210 211
f 210 164 245
f 164 211 212
f 164 212 253
f 217 165 239
f 165 217 240
f 218 165 240
f 166 206 219
f 206 166 242
f 166 237 242
f 220 167 250
f 167 238 259
f 250 167 259
f 201 168 236
f 168 201 251
f 226 168 251
f 169 221 241
f 238 169 241
f 169 238 255
f 170 173 201
f 170 201 236
f 170 236 254
f 171 212 217
f 212 171 253
f 171 217 239
f 171 239 256
f 172 225 258
f 237 172 242
f 172 237 257
f 242 172 258
f 173 174 201
f 174 175 176
f 174 176 202
f 201 174 202
f 176 175 177
f 177 175 234
f 175 232 234
f 176 177 178
f 176 178 188
f 176 188 202
f 178 177 179
f 179 177 216
f 216 177 234
f 178 179 180
f 178 180 230
f 188 178 230
f 180 179 181
f 181 179 186
f 186 179 216
f 180 181 182
f 180 182 183
f 180 183 230
f 182 181 184
f 184 181 228
f 181 186 228
f 183 182 229
f 182 184 185
f 182 185 229
f 183 229 231
f 230 183 233
f 183 231 233
f 185 184 187
f 187 184 189
f 189 184 228
f 185 187 190
f 185 190 191
f 185 191 229
f 214 186 215
f 186 214 228
f 215 186 216
f 187 189 205
f 190 187 192
f 192 187 205
f 202 188 203
f 203 188 204
f 204 188 230
f 205 189 208
f 208 189 209
f 209 189 228
f 191 190 193
f 190 192 227
f 193 190 227
f 191 193 194
f 191 194 195
f 191 195 229
f 192 205 206
f 192 206 207
f 192 207 227
f 194 193 248
f 193 227 247
f 193 247 248
f 195 194 196
f 196 194 249
f 194 248 249
f 195 196 197
f 195 197 231
f 229 195 231
f 197 196 198
f 198 196 250
f 196 249 250
f 197 198 199
f 197 199 200
f 197 200 231
f 199 198 241
f 241 198 259
f 198 250 259
f 200 199 243
f 221 199 241
f 200 223 233
f 223 200 243
f 231 200 233
f 201 202 251
f 202 203 251
f 203 204 252
f 203 226 251
f 226 203 252
f 223 204 233
f 204 223 252
f 204 230 233
f 206 205 244
f 205 208 244
f 207 206 242
f 219 206 244
f 227 207 246
f 207 242 258
f 246 207 258
f 208 209 210
f 210 209 211
f 211 209 214
f 214 209 228
f 212 211 213
f 213 211 214
f 212 213 217
f 213 214 215
f 213 215 240
f 217 213 240
f 215 216 235
f 215 235 240
f 216 234 235
f 235 218 240
f 249 220 250
f 222 223 243
f 247 224 248
f 225 246 258
f 227 246 247
f 238 241 259
f 53 357 5
f 5 357 54
f 6 358 45
f 72 358 6
f 62 359 7
f 7 359 71
f 63 360 8
f 8 360 80
f 45 272 46
f 45 358 272
f 46 324 47
f 272 324 46
f 47 264 48
f 47 324 264
f 48 325 49
f 264 325 48
f 49 261 50
f 49 325 261
f 50 329 51
f 261 329 50
f 51 271 52
f 51 329 271
f 52 339 53
f 271 339 52
f 339 357 53
f 54 273 55
f 54 357 273
f 55 276 56
f 273 276 55
f 56 266 57
f 56 276 266
f 57 335 58
f 266 335 57
f 58 262 59
f 58 335 262
f 59 321 60
f 262 321 59
f 60 268 61
f 60 321 268
f 61 342 62
f 268 342 61
f 342 359 62
f 64 340 63
f 340 360 63
f 65 269 64
f 269 340 64
f 66 322 65
f 65 322 269
f 67 263 66
f 263 322 66
f 68 348 67
f 67 348 263
f 69 267 68
f 267 348 68
f 70 356 69
f 69 356 267
f 71 274 70
f 274 356 70
f 71 359 274
f 73 341 72
f 341 358 72
f 74 270 73
f 270 341 73
f 75 323 74
f 74 323 270
f 76 260 75
f 260 323 75
f 77 327 76
f 76 327 260
f 78 265 77
f 265 327 77
f 79 328 78
f 78 328 265
f 80 275 79
f 275 328 79
f 80 360 275
f 260 352 323
f 327 351 260
f 351 352 260
f 325 326 261
f 326 355 261
f 261 355 329
f 262 338 321
f 335 337 262
f 337 338 262
f 263 313 311
f 311 347 263
f 263 348 313
f 263 347 322
f 264 324 302
f 302 346 264
f 264 346 325
f 265 350 327
f 328 349 265
f 349 350 265
f 276 277 266
f 277 278 266
f 278 335 266
f 267 314 313
f 313 348 267
f 267 315 314
f 267 356 315
f 320 342 268
f 268 343 320
f 321 343 268
f 269 322 309
f 309 345 269
f 269 345 340
f 323 353 270
f 270 362 341
f 353 362 270
f 304 339 271
f 271 354 304
f 329 354 271
f 272 344 324
f 341 344 272
f 272 358 341
f 273 304 276
f 273 339 304
f 273 357 339
f 274 320 315
f 315 356 274
f 274 342 320
f 274 359 342
f 275 361 328
f 340 345 275
f 275 360 340
f 345 361 275
f 276 304 277
f 277 279 278
f 277 305 279
f 304 305 277
f 279 280 278
f 280 337 278
f 278 337 335
f 279 281 280
f 279 291 281
f 279 305 291
f 281 282 280
f 282 319 280
f 319 337 280
f 281 283 282
f 281 333 283
f 291 333 281
f 283 284 282
f 284 289 282
f 289 319 282
f 283 285 284
f 283 286 285
f 283 333 286
f 285 287 284
f 287 331 284
f 284 331 289
f 286 332 285
f 285 288 287
f 285 332 288
f 286 334 332
f 333 336 286
f 286 336 334
f 288 290 287
f 290 292 287
f 292 331 287
f 288 293 290
f 288 294 293
f 288 332 294
f 317 318 289
f 289 331 317
f 318 319 289
f 290 308 292
f 293 295 290
f 295 308 290
f 305 306 291
f 306 307 291
f 307 333 291
f 308 311 292
f 311 312 292
f 312 331 292
f 294 296 293
f 293 330 295
f 296 330 293
f 294 297 296
f 294 298 297
f 294 332 298
f 295 309 308
f 295 310 309
f 295 330 310
f 297 351 296
f 296 350 330
f 296 351 350
f 298 299 297
f 299 352 297
f 297 352 351
f 298 300 299
f 298 334 300
f 332 334 298
f 300 301 299
f 301 353 299
f 299 353 352
f 300 302 301
f 300 303 302
f 300 334 303
f 302 344 301
f 344 362 301
f 301 362 353
f 303 346 302
f 324 344 302
f 303 336 326
f 326 346 303
f 334 336 303
f 304 354 305
f 305 354 306
f 306 355 307
f 306 354 329
f 329 355 306
f 326 336 307
f 307 355 326
f 307 336 333
f 309 347 308
f 308 347 311
f 310 345 309
f 322 347 309
f 330 349 310
f 310 361 345
f 349 361 310
f 311 313 312
f 313 314 312
f 314 317 312
f 317 331 312
f 315 316 314
f 316 317 314
f 315 320 316
f 316 318 317
f 316 343 318
f 320 343 316
f 318 338 319
f 318 343 338
f 319 338 337
f 338 343 321
f 352 353 323
f 325 346 326
f 350 351 327
f 328 361 349
f 330 350 349
f 341 362 344
f 1 17 565
f 100 1 565
f 9 2 563
f 2 81 563
f 53 5 562
f 5 118 562
f 6 45 564
f 99 6 564
f 10 9 540
f 540 9 563
f 11 10 379
f 379 10 540
f 12 11 488
f 11 379 488
f 13 12 371
f 371 12 488
f 14 13 535
f 13 371 535
f 15 14 375
f 375 14 535
f 16 15 537
f 15 375 537
f 17 16 381
f 381 16 537
f 17 381 565
f 45 46 539
f 45 539 564
f 46 47 378
f 46 378 539
f 47 48 384
f 378 47 384
f 48 49 370
f 48 370 384
f 49 50 500
f 370 49 500
f 50 51 374
f 50 374 500
f 51 52 501
f 374 51 501
f 52 53 382
f 52 382 501
f 382 53 562
f 81 82 383
f 81 383 563
f 82 83 556
f 383 82 556
f 83 84 373
f 83 373 556
f 84 85 502
f 373 84 502
f 85 86 555
f 502 85 555
f 86 87 367
f 86 367 555
f 87 88 503
f 367 87 503
f 88 89 504
f 503 88 504
f 89 90 368
f 89 368 504
f 90 91 559
f 368 90 559
f 91 92 470
f 91 470 559
f 92 93 369
f 92 369 470
f 93 94 548
f 369 93 548
f 94 95 542
f 94 542 548
f 95 96 372
f 95 372 542
f 96 97 505
f 372 96 505
f 97 98 380
f 97 380 505
f 98 99 508
f 380 98 508
f 508 99 564
f 101 100 549
f 549 100 565
f 102 101 496
f 496 101 549
f 103 102 376
f 376 102 496
f 104 103 497
f 103 376 497
f 105 104 363
f 363 104 497
f 106 105 543
f 105 363 543
f 107 106 545
f 106 543 545
f 108 107 364
f 364 107 545
f 109 108 468
f 108 364 468
f 110 109 558
f 109 468 558
f 111 110 365
f 365 110 558
f 112 111 498
f 111 365 498
f 113 112 509
f 112 498 509
f 114 113 366
f 366 113 509
f 115 114 561
f 114 366 561
f 116 115 377
f 377 115 561
f 117 116 557
f 116 377 557
f 118 117 473
f 473 117 557
f 118 473 562
f 363 457 543
f 457 363 554
f 363 497 554
f 468 364 552
f 518 364 545
f 364 518 552
f 365 463 513
f 463 365 558
f 498 365 550
f 365 513 550
f 469 366 471
f 366 469 561
f 471 366 546
f 366 509 546
f 367 459 461
f 459 367 547
f 367 461 555
f 367 503 547
f 368 464 529
f 464 368 559
f 504 368 553
f 368 529 553
f 470 369 551
f 479 369 548
f 369 479 551
f 384 370 385
f 385 370 386
f 386 370 500
f 371 488 495
f 371 495 568
f 535 371 568
f 481 372 510
f 372 481 542
f 372 505 510
f 494 373 533
f 373 494 556
f 373 502 569
f 533 373 569
f 474 374 486
f 374 474 500
f 486 374 501
f 456 375 535
f 375 456 536
f 485 375 536
f 375 485 537
f 376 496 572
f 497 376 560
f 560 376 572
f 377 465 467
f 465 377 469
f 377 467 557
f 469 377 561
f 378 384 532
f 378 532 571
f 539 378 571
f 488 379 489
f 489 379 490
f 490 379 540
f 505 380 506
f 506 380 507
f 507 380 508
f 381 537 538
f 381 538 549
f 381 549 565
f 472 382 473
f 382 472 501
f 473 382 562
f 490 383 494
f 383 490 540
f 494 383 556
f 383 540 563
f 384 385 532
f 385 386 387
f 385 387 434
f 385 434 532
f 387 386 388
f 388 386 474
f 474 386 500
f 387 388 389
f 387 389 514
f 434 387 514
f 389 388 390
f 390 388 531
f 388 474 531
f 389 390 391
f 389 391 392
f 389 392 514
f 391 390 424
f 424 390 433
f 433 390 531
f 392 391 393
f 393 391 512
f 391 424 512
f 392 393 394
f 392 394 425
f 392 425 514
f 394 393 395
f 395 393 396
f 396 393 512
f 394 395 422
f 394 422 528
f 425 394 528
f 395 396 397
f 395 397 476
f 422 395 476
f 397 396 398
f 398 396 519
f 396 512 519
f 397 398 399
f 397 399 400
f 397 400 476
f 399 398 435
f 435 398 436
f 436 398 519
f 400 399 401
f 401 399 515
f 399 435 515
f 400 401 402
f 400 402 525
f 476 400 525
f 402 401 403
f 403 401 404
f 404 401 515
f 402 403 427
f 402 427 429
f 402 429 525
f 403 404 405
f 403 405 524
f 427 403 524
f 405 404 406
f 406 404 426
f 426 404 515
f 405 406 407
f 405 407 408
f 405 408 524
f 407 406 520
f 406 426 430
f 406 430 520
f 408 407 409
f 409 407 410
f 410 407 520
f 408 409 487
f 408 487 527
f 524 408 527
f 409 410 411
f 409 411 412
f 409 412 487
f 411 410 421
f 421 410 437
f 437 410 520
f 412 411 413
f 413 411 521
f 411 421 521
f 412 413 414
f 412 414 420
f 412 420 487
f 414 413 415
f 415 413 416
f 416 413 521
f 414 415 516
f 420 414 432
f 432 414 516
f 415 416 417
f 415 417 419
f 415 419 516
f 417 416 418
f 418 416 522
f 416 521 522
f 417 418 423
f 419 417 499
f 417 423 499
f 423 418 428
f 428 418 431
f 431 418 522
f 419 499 566
f 516 419 534
f 534 419 566
f 420 432 441
f 420 441 442
f 420 442 487
f 421 437 438
f 421 438 452
f 421 452 521
f 422 476 477
f 422 477 478
f 422 478 528
f 423 428 445
f 423 445 447
f 423 447 499
f 424 433 439
f 424 439 530
f 512 424 530
f 511 425 544
f 425 511 570
f 514 425 570
f 425 528 544
f 430 426 440
f 440 426 526
f 426 515 526
f 429 427 448
f 448 427 475
f 475 427 524
f 428 431 482
f 445 428 446
f 446 428 482
f 429 448 453
f 429 453 454
f 429 454 525
f 430 440 455
f 430 455 517
f 430 517 520
f 482 431 484
f 484 431 523
f 431 522 523
f 441 432 459
f 459 432 460
f 460 432 516
f 439 433 465
f 465 433 466
f 466 433 531
f 434 514 570
f 532 434 541
f 541 434 570
f 435 436 449
f 435 449 526
f 515 435 526
f 449 436 450
f 450 436 451
f 451 436 519
f 438 437 518
f 437 517 518
f 517 437 520
f 452 438 457
f 457 438 458
f 458 438 518
f 439 465 469
f 439 469 471
f 439 471 530
f 455 440 463
f 463 440 513
f 513 440 526
f 442 441 443
f 443 441 547
f 441 459 547
f 442 443 444
f 442 444 527
f 487 442 527
f 444 443 553
f 443 503 504
f 503 443 547
f 443 504 553
f 444 475 527
f 475 444 529
f 529 444 553
f 445 446 536
f 447 445 456
f 456 445 536
f 446 482 483
f 446 483 485
f 446 485 536
f 447 456 568
f 499 447 567
f 567 447 568
f 453 448 464
f 464 448 529
f 448 475 529
f 449 450 550
f 449 513 526
f 513 449 550
f 450 451 546
f 498 450 509
f 450 498 550
f 509 450 546
f 471 451 530
f 451 471 546
f 451 519 530
f 452 457 523
f 521 452 522
f 522 452 523
f 454 453 551
f 453 464 470
f 453 470 551
f 477 454 479
f 454 477 525
f 479 454 551
f 455 463 468
f 455 468 552
f 517 455 552
f 456 535 568
f 457 458 543
f 523 457 554
f 458 518 545
f 543 458 545
f 459 460 461
f 461 460 462
f 462 460 534
f 460 516 534
f 461 462 502
f 461 502 555
f 462 493 533
f 493 462 534
f 502 462 569
f 462 533 569
f 468 463 558
f 470 464 559
f 465 466 467
f 467 466 472
f 472 466 486
f 486 466 531
f 467 472 473
f 467 473 557
f 472 486 501
f 474 486 531
f 475 524 527
f 477 476 525
f 478 477 479
f 478 479 480
f 478 480 481
f 478 481 528
f 480 479 548
f 481 480 542
f 542 480 548
f 481 510 544
f 528 481 544
f 483 482 560
f 482 484 560
f 485 483 538
f 538 483 572
f 483 560 572
f 497 484 554
f 484 497 560
f 484 523 554
f 537 485 538
f 488 489 495
f 489 490 491
f 489 491 492
f 489 492 495
f 491 490 494
f 492 491 493
f 493 491 533
f 491 494 533
f 492 493 566
f 495 492 567
f 492 566 567
f 493 534 566
f 495 567 568
f 538 496 549
f 496 538 572
f 566 499 567
f 505 506 510
f 506 507 541
f 510 506 511
f 511 506 541
f 507 508 539
f 507 539 571
f 541 507 571
f 539 508 564
f 510 511 544
f 511 541 570
f 519 512 530
f 518 517 552
f 532 541 571
f 3 779 35
f 138 779 3
f 27 776 4
f 4 776 119
f 71 775 7
f 7 775 156
f 8 777 63
f 137 777 8
f 28 748 27
f 748 776 27
f 29 590 28
f 590 748 28
f 30 700 29
f 29 700 590
f 31 581 30
f 581 700 30
f 32 739 31
f 31 739 581
f 33 583 32
f 583 739 32
f 34 741 33
f 33 741 583
f 35 592 34
f 592 741 34
f 35 779 592
f 63 747 64
f 63 777 747
f 64 591 65
f 64 747 591
f 65 596 66
f 591 596 65
f 66 580 67
f 66 596 580
f 67 709 68
f 580 709 67
f 68 582 69
f 68 709 582
f 69 710 70
f 582 710 69
f 70 593 71
f 70 710 593
f 593 775 71
f 119 595 120
f 119 776 595
f 120 706 121
f 595 706 120
f 121 584 122
f 121 706 584
f 122 707 123
f 584 707 122
f 123 578 124
f 123 707 578
f 124 711 125
f 578 711 124
f 125 716 126
f 711 716 125
f 126 576 127
f 126 716 576
f 127 697 128
f 576 697 127
f 128 768 129
f 697 768 128
f 129 574 130
f 129 768 574
f 130 761 131
f 574 761 130
f 131 782 132
f 131 761 696
f 696 782 131
f 132 579 133
f 132 782 579
f 133 718 134
f 579 718 133
f 134 585 135
f 134 718 585
f 135 726 136
f 585 726 135
f 136 594 137
f 136 726 594
f 594 777 137
f 139 757 138
f 757 779 138
f 140 702 139
f 702 757 139
f 141 586 140
f 586 702 140
f 142 703 141
f 141 703 586
f 143 573 142
f 573 703 142
f 144 704 143
f 143 704 573
f 145 587 144
f 587 704 144
f 146 705 145
f 145 705 587
f 147 577 146
f 577 705 146
f 148 767 147
f 147 767 577
f 149 588 148
f 588 767 148
f 150 760 149
f 149 760 588
f 151 781 150
f 666 760 150
f 150 781 666
f 152 575 151
f 575 781 151
f 153 764 152
f 152 764 575
f 154 589 153
f 589 764 153
f 155 766 154
f 154 766 589
f 156 673 155
f 673 766 155
f 156 775 673
f 573 704 658
f 658 762 573
f 573 762 703
f 689 690 574
f 574 768 689
f 690 691 574
f 691 761 574
f 670 671 575
f 575 764 670
f 671 754 575
f 754 781 575
f 576 763 697
f 716 717 576
f 717 763 576
f 577 661 659
f 659 759 577
f 577 767 661
f 577 759 705
f 707 765 578
f 578 712 711
f 578 765 712
f 579 725 718
f 579 736 725
f 579 782 736
f 596 597 580
f 597 598 580
f 598 709 580
f 581 701 700
f 581 780 701
f 739 780 581
f 582 709 674
f 674 733 582
f 582 733 710
f 657 739 583
f 583 740 657
f 680 740 583
f 583 741 680
f 706 786 584
f 584 770 707
f 584 786 770
f 718 719 585
f 719 720 585
f 720 726 585
f 586 785 702
f 703 769 586
f 769 785 586
f 587 705 683
f 683 753 587
f 587 753 704
f 588 662 661
f 661 767 588
f 588 663 662
f 588 760 663
f 589 669 667
f 667 670 589
f 589 766 669
f 670 764 589
f 700 778 590
f 737 758 590
f 590 778 737
f 590 758 748
f 591 735 596
f 591 784 735
f 747 784 591
f 592 746 741
f 592 757 746
f 592 779 757
f 672 673 593
f 593 710 672
f 673 775 593
f 726 727 594
f 727 747 594
f 747 777 594
f 595 758 706
f 748 758 595
f 595 776 748
f 596 735 597
f 597 599 598
f 597 636 599
f 597 735 636
f 599 600 598
f 600 674 598
f 674 709 598
f 599 601 600
f 599 756 601
f 636 756 599
f 601 602 600
f 602 640 600
f 640 674 600
f 601 603 602
f 601 604 603
f 601 756 604
f 603 734 602
f 602 641 640
f 602 734 641
f 604 605 603
f 605 606 603
f 606 734 603
f 604 772 605
f 723 724 604
f 604 756 723
f 724 772 604
f 605 607 606
f 605 608 607
f 605 772 608
f 607 675 606
f 675 676 606
f 676 734 606
f 608 609 607
f 609 610 607
f 610 675 607
f 608 751 609
f 608 755 751
f 608 772 755
f 609 611 610
f 609 612 611
f 609 751 612
f 611 744 610
f 610 752 675
f 744 752 610
f 612 613 611
f 613 614 611
f 614 744 611
f 612 728 613
f 612 750 728
f 612 751 750
f 613 615 614
f 613 616 615
f 613 728 616
f 615 731 614
f 731 742 614
f 742 744 614
f 616 617 615
f 617 618 615
f 618 731 615
f 616 684 617
f 616 698 684
f 616 728 698
f 617 619 618
f 617 620 619
f 617 684 620
f 619 634 618
f 634 639 618
f 639 731 618
f 620 621 619
f 621 729 619
f 619 729 634
f 620 622 621
f 620 635 622
f 620 684 635
f 622 623 621
f 623 624 621
f 624 729 621
f 622 632 623
f 622 773 632
f 635 773 622
f 623 625 624
f 623 732 625
f 632 732 623
f 625 626 624
f 626 643 624
f 643 729 624
f 625 627 626
f 625 628 627
f 625 732 628
f 627 699 626
f 626 644 643
f 626 699 644
f 628 629 627
f 629 630 627
f 630 699 627
f 628 631 629
f 628 645 631
f 628 732 645
f 629 633 630
f 631 730 629
f 629 730 633
f 633 637 630
f 637 638 630
f 638 699 630
f 645 646 631
f 646 647 631
f 647 730 631
f 632 715 714
f 714 774 632
f 632 773 715
f 632 774 732
f 633 649 637
f 633 651 649
f 633 730 651
f 634 648 639
f 634 682 648
f 634 729 682
f 684 685 635
f 685 686 635
f 686 773 635
f 735 749 636
f 749 783 636
f 636 783 756
f 637 677 638
f 649 650 637
f 650 677 637
f 677 679 638
f 679 681 638
f 681 699 638
f 648 659 639
f 659 660 639
f 660 731 639
f 641 642 640
f 642 733 640
f 640 733 674
f 641 667 642
f 641 668 667
f 641 734 668
f 667 669 642
f 669 672 642
f 672 733 642
f 644 652 643
f 652 682 643
f 682 729 643
f 644 658 652
f 644 681 658
f 644 699 681
f 645 655 646
f 645 774 655
f 732 774 645
f 646 653 647
f 646 708 653
f 655 708 646
f 653 654 647
f 654 738 647
f 647 738 730
f 648 759 659
f 682 683 648
f 683 759 648
f 649 740 650
f 651 657 649
f 657 740 649
f 650 678 677
f 650 680 678
f 650 740 680
f 651 780 657
f 730 738 651
f 738 780 651
f 658 753 652
f 652 683 682
f 652 753 683
f 653 656 654
f 653 770 656
f 708 770 653
f 656 737 654
f 737 778 654
f 654 778 738
f 655 765 708
f 655 714 712
f 712 765 655
f 655 774 714
f 656 758 737
f 656 786 758
f 770 786 656
f 657 780 739
f 681 762 658
f 704 753 658
f 659 661 660
f 661 662 660
f 662 742 660
f 660 742 731
f 663 664 662
f 664 742 662
f 663 665 664
f 663 666 665
f 663 760 666
f 665 752 664
f 664 744 742
f 664 752 744
f 666 754 665
f 745 752 665
f 665 754 745
f 666 781 754
f 668 670 667
f 668 671 670
f 668 676 671
f 668 734 676
f 669 673 672
f 669 766 673
f 676 745 671
f 745 754 671
f 710 733 672
f 675 745 676
f 675 752 745
f 678 769 677
f 677 769 679
f 680 746 678
f 746 785 678
f 678 785 769
f 679 762 681
f 703 762 679
f 679 769 703
f 741 746 680
f 705 759 683
f 684 698 685
f 685 687 686
f 685 688 687
f 685 698 688
f 687 763 686
f 686 717 715
f 715 773 686
f 686 763 717
f 688 689 687
f 689 697 687
f 697 763 687
f 688 690 689
f 688 743 690
f 698 743 688
f 689 768 697
f 690 692 691
f 690 743 692
f 692 693 691
f 693 696 691
f 696 761 691
f 692 694 693
f 692 750 694
f 743 750 692
f 694 695 693
f 695 736 693
f 693 736 696
f 694 755 695
f 750 751 694
f 751 755 694
f 695 755 724
f 724 771 695
f 695 771 736
f 736 782 696
f 728 743 698
f 701 778 700
f 738 778 701
f 701 780 738
f 746 757 702
f 702 785 746
f 758 786 706
f 708 765 707
f 707 770 708
f 712 713 711
f 713 716 711
f 712 714 713
f 714 715 713
f 715 717 713
f 713 717 716
f 718 725 719
f 719 721 720
f 719 722 721
f 719 725 722
f 721 749 720
f 720 727 726
f 720 749 727
f 722 723 721
f 723 783 721
f 721 783 749
f 722 724 723
f 722 771 724
f 725 771 722
f 756 783 723
f 755 772 724
f 736 771 725
f 727 784 747
f 749 784 727
f 728 750 743
f 735 784 749
f 2 36 988
f 81 2 988
f 44 4 989
f 4 119 989
f 72 6 986
f 6 99 986
f 8 80 987
f 137 8 987
f 36 37 964
f 36 964 988
f 37 38 805
f 37 805 964
f 38 39 913
f 805 38 913
f 39 40 794
f 39 794 913
f 40 41 957
f 794 40 957
f 41 42 798
f 41 798 957
f 42 43 958
f 798 42 958
f 43 44 807
f 43 807 958
f 807 44 989
f 73 72 808
f 808 72 986
f 74 73 934
f 73 808 934
f 75 74 797
f 797 74 934
f 76 75 935
f 75 797 935
f 77 76 793
f 793 76 935
f 78 77 810
f 77 793 810
f 79 78 804
f 804 78 810
f 80 79 942
f 79 804 942
f 80 942 987
f 82 81 809
f 809 81 988
f 83 82 980
f 82 809 980
f 84 83 796
f 796 83 980
f 85 84 936
f 84 796 936
f 86 85 977
f 85 936 977
f 87 86 792
f 792 86 977
f 88 87 927
f 87 792 927
f 89 88 799
f 799 88 927
f 90 89 937
f 89 799 937
f 91 90 790
f 790 90 937
f 92 91 929
f 91 790 929
f 93 92 800
f 800 92 929
f 94 93 938
f 93 800 938
f 95 94 791
f 791 94 938
f 96 95 985
f 95 791 985
f 97 96 801
f 801 96 985
f 98 97 979
f 97 801 979
f 99 98 884
f 884 98 979
f 99 884 986
f 119 120 972
f 119 972 989
f 120 121 920
f 120 920 972
f 121 122 802
f 121 802 920
f 122 123 921
f 802 122 921
f 123 124 787
f 123 787 921
f 124 125 967
f 787 124 967
f 125 126 968
f 967 125 968
f 126 127 789
f 126 789 968
f 127 128 922
f 789 127 922
f 128 129 803
f 128 803 922
f 129 130 923
f 803 129 923
f 130 131 788
f 130 788 923
f 131 132 971
f 788 131 971
f 132 133 965
f 132 965 971
f 133 134 795
f 133 795 965
f 134 135 924
f 795 134 924
f 135 136 806
f 135 806 924
f 136 137 963
f 806 136 963
f 963 137 987
f 921 787 976
f 940 787 967
f 787 940 976
f 899 788 971
f 788 899 974
f 923 788 974
f 789 908 968
f 908 789 975
f 789 922 975
f 929 790 996
f 790 937 983
f 790 983 996
f 881 791 882
f 791 881 985
f 882 791 969
f 791 938 969
f 874 792 876
f 792 874 970
f 876 792 977
f 927 792 970
f 810 793 811
f 811 793 812
f 812 793 935
f 913 794 945
f 945 794 990
f 794 957 990
f 795 901 965
f 901 795 966
f 795 924 966
f 796 919 961
f 919 796 980
f 936 796 994
f 796 961 994
f 797 885 935
f 885 797 953
f 797 934 953
f 798 869 957
f 869 798 959
f 890 798 958
f 798 890 959
f 799 927 928
f 799 928 978
f 937 799 978
f 800 872 938
f 872 800 973
f 800 929 973
f 801 878 880
f 878 801 881
f 801 880 979
f 881 801 985
f 920 802 995
f 802 921 982
f 802 982 995
f 922 803 984
f 803 923 997
f 984 803 997
f 804 810 943
f 804 926 942
f 926 804 943
f 805 913 914
f 805 914 915
f 805 915 964
f 924 806 925
f 925 806 926
f 926 806 963
f 958 807 962
f 962 807 972
f 972 807 989
f 883 808 884
f 808 883 934
f 884 808 986
f 809 915 919
f 915 809 964
f 809 919 980
f 964 809 988
f 810 811 943
f 811 812 813
f 811 813 857
f 811 857 943
f 813 812 814
f 814 812 885
f 885 812 935
f 813 814 815
f 813 815 933
f 857 813 933
f 815 814 816
f 816 814 954
f 814 885 954
f 815 816 817
f 815 817 818
f 815 818 933
f 817 816 851
f 851 816 856
f 856 816 954
f 818 817 819
f 819 817 946
f 817 851 946
f 818 819 820
f 818 820 852
f 818 852 933
f 820 819 821
f 821 819 822
f 822 819 946
f 820 821 848
f 820 848 930
f 852 820 930
f 821 822 823
f 821 823 891
f 848 821 891
f 823 822 824
f 824 822 860
f 860 822 946
f 823 824 825
f 823 825 826
f 823 826 891
f 825 824 950
f 824 860 861
f 824 861 950
f 826 825 827
f 827 825 828
f 828 825 950
f 826 827 912
f 891 826 892
f 892 826 912
f 827 828 829
f 827 829 830
f 827 830 912
f 829 828 947
f 947 828 955
f 828 950 955
f 830 829 831
f 831 829 832
f 832 829 947
f 830 831 910
f 902 830 910
f 830 902 912
f 831 832 833
f 831 833 834
f 831 834 910
f 833 832 858
f 858 832 859
f 859 832 947
f 834 833 835
f 835 833 941
f 833 858 941
f 834 835 836
f 834 836 850
f 834 850 910
f 836 835 837
f 837 835 838
f 838 835 941
f 836 837 846
f 836 846 906
f 850 836 906
f 837 838 839
f 837 839 951
f 846 837 951
f 839 838 840
f 840 838 847
f 847 838 941
f 839 840 841
f 839 841 842
f 839 842 951
f 841 840 939
f 840 847 855
f 840 855 939
f 842 841 843
f 843 841 844
f 844 841 939
f 842 843 845
f 842 845 949
f 842 949 951
f 843 844 948
f 845 843 849
f 849 843 948
f 844 939 960
f 948 844 991
f 844 960 991
f 845 849 853
f 845 853 854
f 845 854 949
f 906 846 907
f 907 846 911
f 911 846 951
f 855 847 863
f 863 847 944
f 847 941 944
f 848 891 893
f 848 893 894
f 848 894 930
f 853 849 864
f 864 849 866
f 866 849 948
f 903 850 905
f 850 903 910
f 905 850 906
f 851 856 862
f 851 862 952
f 946 851 952
f 852 930 931
f 852 931 932
f 852 932 933
f 854 853 886
f 853 864 865
f 853 865 886
f 854 886 888
f 854 888 889
f 854 889 949
f 855 863 874
f 855 874 875
f 855 875 939
f 862 856 878
f 878 856 879
f 879 856 954
f 932 857 933
f 857 932 981
f 943 857 981
f 858 859 868
f 858 868 944
f 941 858 944
f 868 859 870
f 870 859 871
f 871 859 947
f 861 860 867
f 867 860 952
f 860 946 952
f 861 867 872
f 861 872 873
f 861 873 950
f 862 878 881
f 862 881 882
f 862 882 952
f 874 863 970
f 928 863 944
f 863 928 970
f 865 864 959
f 864 866 869
f 864 869 959
f 886 865 887
f 887 865 890
f 890 865 959
f 869 866 990
f 866 948 992
f 990 866 992
f 872 867 969
f 882 867 952
f 867 882 969
f 868 870 978
f 868 928 944
f 928 868 978
f 957 869 990
f 870 871 983
f 870 937 978
f 937 870 983
f 871 947 955
f 871 955 956
f 871 956 983
f 873 872 973
f 938 872 969
f 950 873 955
f 955 873 956
f 956 873 973
f 875 874 876
f 875 876 877
f 875 877 960
f 939 875 960
f 877 876 936
f 936 876 977
f 877 918 960
f 918 877 961
f 877 936 994
f 961 877 994
f 878 879 880
f 880 879 883
f 883 879 953
f 953 879 954
f 880 883 884
f 880 884 979
f 934 883 953
f 885 953 954
f 886 887 982
f 888 886 982
f 887 890 962
f 887 962 995
f 982 887 995
f 889 888 976
f 888 921 976
f 921 888 982
f 911 889 940
f 889 911 949
f 940 889 976
f 890 958 962
f 891 892 893
f 893 892 895
f 895 892 896
f 896 892 912
f 894 893 899
f 893 895 899
f 894 899 900
f 894 900 901
f 894 901 930
f 895 896 897
f 895 897 974
f 899 895 974
f 897 896 898
f 898 896 902
f 902 896 912
f 897 898 984
f 974 897 997
f 897 984 997
f 898 902 903
f 898 903 904
f 898 904 984
f 900 899 971
f 901 900 965
f 965 900 971
f 930 901 931
f 931 901 966
f 903 902 910
f 904 903 905
f 904 905 975
f 922 904 975
f 904 922 984
f 905 906 908
f 905 908 975
f 906 907 908
f 908 907 909
f 909 907 940
f 907 911 940
f 908 909 968
f 909 940 967
f 909 967 968
f 949 911 951
f 914 913 945
f 915 914 916
f 916 914 917
f 917 914 945
f 915 916 919
f 916 917 918
f 916 918 961
f 919 916 961
f 918 917 991
f 917 945 992
f 991 917 992
f 960 918 991
f 920 962 972
f 962 920 995
f 923 974 997
f 924 925 966
f 925 926 981
f 966 925 993
f 925 981 993
f 942 926 963
f 926 943 981
f 928 927 970
f 973 929 996
f 932 931 993
f 931 966 993
f 981 932 993
f 942 963 987
f 945 990 992
f 948 991 992
f 956 973 996
f 983 956 996
f 1 1200 18
f 100 1200 1
f 26 1202 3
f 3 1202 138
f 54 1199 5
f 5 1199 118
f 7 1201 62
f 156 1201 7
f 18 1176 19
f 18 1200 1176
f 19 1014 20
f 19 1176 1014
f 20 1172 21
f 1014 1172 20
f 21 1006 22
f 21 1172 1006
f 22 1170 23
f 1006 1170 22
f 23 1010 24
f 23 1170 1010
f 24 1168 25
f 1010 1168 24
f 25 1016 26
f 25 1168 1016
f 1016 1202 26
f 55 1017 54
f 1017 1199 54
f 56 1141 55
f 55 1141 1017
f 57 1009 56
f 1009 1141 56
f 58 1142 57
f 57 1142 1009
f 59 1007 58
f 1007 1142 58
f 60 1020 59
f 59 1020 1007
f 61 1015 60
f 1015 1020 60
f 62 1175 61
f 61 1175 1015
f 62 1201 1175
f 101 1018 100
f 1018 1200 100
f 102 1143 101
f 101 1143 1018
f 103 1008 102
f 1008 1143 102
f 104 1146 103
f 103 1146 1008
f 105 1191 104
f 104 1191 1146
f 106 1002 105
f 1002 1191 105
f 107 1147 106
f 106 1147 1002
f 108 1148 107
f 107 1148 1147
f 109 1003 108
f 1003 1148 108
f 110 1149 109
f 109 1149 1003
f 111 1152 110
f 110 1152 1149
f 112 1004 111
f 1004 1152 111
f 113 1184 112
f 112 1184 1004
f 114 1178 113
f 1178 1184 113
f 115 1005 114
f 1005 1178 114
f 116 1139 115
f 115 1139 1005
f 117 1013 116
f 1013 1139 116
f 118 1177 117
f 117 1177 1013
f 118 1199 1177
f 138 1185 139
f 138 1202 1185
f 139 1135 140
f 139 1185 1135
f 140 1011 141
f 140 1135 1011
f 141 1136 142
f 1011 1136 141
f 142 998 143
f 142 1136 998
f 143 1179 144
f 998 1179 143
f 144 1180 145
f 1179 1180 144
f 145 999 146
f 145 1180 999
f 146 1099 147
f 999 1099 146
f 147 1194 148
f 1099 1194 147
f 148 1000 149
f 148 1194 1000
f 149 1137 150
f 1000 1137 149
f 150 1138 151
f 1137 1138 150
f 151 1001 152
f 151 1138 1001
f 152 1198 153
f 1001 1198 152
f 153 1012 154
f 153 1198 1012
f 154 1193 155
f 1012 1193 154
f 155 1019 156
f 155 1193 1019
f 1019 1201 156
f 1106 1179 998
f 998 1190 1106
f 1136 1190 998
f 999 1189 1099
f 999 1180 1108
f 1108 1189 999
f 1000 1093 1091
f 1091 1187 1000
f 1000 1194 1093
f 1000 1187 1137
f 1090 1100 1001
f 1001 1182 1090
f 1100 1198 1001
f 1138 1182 1001
f 1086 1088 1002
f 1002 1183 1086
f 1088 1191 1002
f 1147 1183 1002
f 1095 1188 1003
f 1003 1197 1095
f 1003 1188 1148
f 1149 1197 1003
f 1004 1186 1152
f 1004 1184 1160
f 1160 1186 1004
f 1120 1178 1005
f 1005 1192 1120
f 1139 1192 1005
f 1085 1170 1006
f 1006 1171 1085
f 1134 1171 1006
f 1006 1172 1134
f 1020 1021 1007
f 1021 1022 1007
f 1022 1142 1007
f 1008 1145 1143
f 1008 1203 1145
f 1146 1203 1008
f 1110 1118 1009
f 1009 1142 1110
f 1118 1141 1009
f 1085 1169 1010
f 1010 1170 1085
f 1125 1168 1010
f 1010 1169 1125
f 1135 1205 1011
f 1011 1196 1136
f 1011 1205 1196
f 1096 1098 1012
f 1012 1100 1096
f 1098 1193 1012
f 1012 1198 1100
f 1013 1177 1119
f 1119 1195 1013
f 1013 1195 1139
f 1014 1176 1144
f 1144 1181 1014
f 1014 1181 1172
f 1015 1165 1020
f 1015 1166 1165
f 1015 1175 1166
f 1168 1174 1016
f 1174 1185 1016
f 1185 1202 1016
f 1017 1141 1119
f 1119 1177 1017
f 1177 1199 1017
f 1143 1144 1018
f 1144 1176 1018
f 1176 1200 1018
f 1098 1166 1019
f 1019 1193 1098
f 1166 1175 1019
f 1175 1201 1019
f 1020 1165 1021
f 1021 1023 1022
f 1021 1164 1023
f 1021 1165 1164
f 1023 1024 1022
f 1024 1110 1022
f 1110 1142 1022
f 1023 1025 1024
f 1023 1026 1025
f 1023 1164 1026
f 1025 1128 1024
f 1024 1111 1110
f 1024 1128 1111
f 1026 1027 1025
f 1027 1028 1025
f 1028 1128 1025
f 1026 1061 1027
f 1026 1068 1061
f 1026 1164 1068
f 1027 1029 1028
f 1027 1156 1029
f 1061 1156 1027
f 1029 1030 1028
f 1030 1062 1028
f 1062 1128 1028
f 1029 1031 1030
f 1029 1032 1031
f 1029 1156 1032
f 1031 1058 1030
f 1058 1112 1030
f 1030 1112 1062
f 1032 1033 1031
f 1033 1154 1031
f 1031 1154 1058
f 1032 1034 1033
f 1032 1157 1034
f 1156 1157 1032
f 1034 1035 1033
f 1035 1036 1033
f 1036 1154 1033
f 1034 1064 1035
f 1034 1065 1064
f 1034 1157 1065
f 1035 1037 1036
f 1035 1140 1037
f 1064 1140 1035
f 1037 1038 1036
f 1038 1072 1036
f 1072 1154 1036
f 1037 1039 1038
f 1037 1040 1039
f 1037 1140 1040
f 1039 1151 1038
f 1038 1073 1072
f 1038 1151 1073
f 1040 1041 1039
f 1041 1042 1039
f 1042 1151 1039
f 1040 1129 1041
f 1109 1129 1040
f 1040 1140 1109
f 1041 1043 1042
f 1041 1044 1043
f 1041 1129 1044
f 1043 1056 1042
f 1056 1067 1042
f 1067 1151 1042
f 1044 1045 1043
f 1045 1150 1043
f 1043 1150 1056
f 1044 1046 1045
f 1044 1060 1046
f 1044 1129 1060
f 1046 1047 1045
f 1047 1048 1045
f 1048 1150 1045
f 1046 1057 1047
f 1046 1103 1057
f 1060 1103 1046
f 1047 1049 1048
f 1047 1159 1049
f 1057 1159 1047
f 1049 1050 1048
f 1050 1070 1048
f 1070 1150 1048
f 1049 1051 1050
f 1049 1052 1051
f 1049 1159 1052
f 1051 1153 1050
f 1050 1071 1070
f 1050 1153 1071
f 1052 1053 1051
f 1053 1054 1051
f 1054 1153 1051
f 1052 1055 1053
f 1052 1162 1055
f 1159 1162 1052
f 1053 1130 1054
f 1055 1059 1053
f 1059 1130 1053
f 1130 1132 1054
f 1132 1155 1054
f 1054 1155 1153
f 1055 1063 1059
f 1055 1066 1063
f 1055 1162 1066
f 1056 1069 1067
f 1056 1126 1069
f 1056 1150 1126
f 1103 1104 1057
f 1104 1105 1057
f 1105 1159 1057
f 1058 1113 1112
f 1058 1161 1113
f 1154 1161 1058
f 1063 1076 1059
f 1076 1078 1059
f 1078 1130 1059
f 1101 1102 1060
f 1060 1129 1101
f 1102 1103 1060
f 1068 1074 1061
f 1074 1082 1061
f 1082 1156 1061
f 1112 1114 1062
f 1114 1115 1062
f 1115 1128 1062
f 1066 1122 1063
f 1063 1077 1076
f 1063 1122 1077
f 1065 1079 1064
f 1079 1080 1064
f 1080 1140 1064
f 1065 1081 1079
f 1065 1163 1081
f 1157 1163 1065
f 1066 1124 1122
f 1066 1167 1124
f 1162 1167 1066
f 1069 1095 1067
f 1095 1158 1067
f 1067 1158 1151
f 1068 1096 1074
f 1068 1097 1096
f 1068 1164 1097
f 1069 1188 1095
f 1126 1127 1069
f 1127 1188 1069
f 1071 1075 1070
f 1075 1126 1070
f 1126 1150 1070
f 1071 1086 1075
f 1071 1087 1086
f 1071 1153 1087
f 1073 1083 1072
f 1083 1161 1072
f 1072 1161 1154
f 1073 1084 1083
f 1073 1158 1084
f 1151 1158 1073
f 1074 1090 1082
f 1074 1100 1090
f 1096 1100 1074
f 1086 1183 1075
f 1075 1127 1126
f 1075 1183 1127
f 1077 1169 1076
f 1076 1085 1078
f 1076 1169 1085
f 1122 1123 1077
f 1123 1125 1077
f 1125 1169 1077
f 1085 1171 1078
f 1078 1131 1130
f 1078 1171 1131
f 1079 1091 1080
f 1081 1187 1079
f 1079 1187 1091
f 1091 1092 1080
f 1092 1109 1080
f 1109 1140 1080
f 1081 1138 1137
f 1137 1187 1081
f 1081 1182 1138
f 1163 1182 1081
f 1090 1163 1082
f 1082 1157 1156
f 1082 1163 1157
f 1084 1186 1083
f 1160 1161 1083
f 1083 1186 1160
f 1158 1197 1084
f 1084 1206 1186
f 1197 1206 1084
f 1087 1088 1086
f 1087 1089 1088
f 1087 1155 1089
f 1153 1155 1087
f 1089 1146 1088
f 1146 1191 1088
f 1089 1203 1146
f 1155 1173 1089
f 1173 1203 1089
f 1090 1182 1163
f 1091 1093 1092
f 1093 1094 1092
f 1094 1101 1092
f 1101 1109 1092
f 1093 1099 1094
f 1093 1194 1099
f 1099 1189 1094
f 1094 1102 1101
f 1094 1189 1102
f 1095 1197 1158
f 1097 1098 1096
f 1097 1166 1098
f 1164 1165 1097
f 1165 1166 1097
f 1101 1129 1109
f 1102 1108 1103
f 1102 1189 1108
f 1103 1108 1104
f 1104 1106 1105
f 1104 1107 1106
f 1104 1108 1107
f 1106 1167 1105
f 1105 1162 1159
f 1105 1167 1162
f 1107 1179 1106
f 1106 1190 1167
f 1108 1180 1107
f 1107 1180 1179
f 1111 1118 1110
f 1115 1117 1111
f 1111 1128 1115
f 1117 1118 1111
f 1113 1120 1112
f 1112 1120 1114
f 1113 1121 1120
f 1113 1160 1121
f 1113 1161 1160
f 1114 1116 1115
f 1114 1192 1116
f 1120 1192 1114
f 1116 1117 1115
f 1116 1195 1117
f 1116 1192 1139
f 1139 1195 1116
f 1117 1119 1118
f 1117 1195 1119
f 1119 1141 1118
f 1121 1178 1120
f 1160 1184 1121
f 1121 1184 1178
f 1122 1196 1123
f 1124 1196 1122
f 1123 1174 1125
f 1123 1205 1174
f 1196 1205 1123
f 1124 1190 1136
f 1136 1196 1124
f 1167 1190 1124
f 1125 1174 1168
f 1147 1148 1127
f 1127 1183 1147
f 1148 1188 1127
f 1131 1132 1130
f 1131 1133 1132
f 1131 1134 1133
f 1131 1171 1134
f 1133 1173 1132
f 1132 1173 1155
f 1134 1181 1133
f 1133 1204 1173
f 1181 1204 1133
f 1172 1181 1134
f 1135 1185 1174
f 1174 1205 1135
f 1143 1145 1144
f 1145 1204 1144
f 1144 1204 1181
f 1145 1203 1173
f 1173 1204 1145
f 1152 1206 1149
f 1149 1206 1197
f 1186 1206 1152
